professor_id,course_id,qualified,course_pref_rank,course_pref_score,topic_score
P001,C001,1,3,3,3
P001,C002,0,,0,0
P001,C003,1,3,3,3
P001,C004,1,3,3,3
P001,C005,0,,0,0
P001,C006,0,,0,0
P001,C007,0,,0,0
P001,C008,0,,0,0
P001,C009,0,,0,0
P001,C010,0,,0,0
P001,C011,0,,0,0
P001,C012,0,,0,0
P001,C013,0,,0,0
P001,C014,0,,0,0
P001,C015,0,,0,0
P001,C016,0,,0,0
P001,C017,1,3,3,3
P001,C018,1,3,3,3
P001,C019,1,3,3,3
P001,C020,1,3,3,3
P001,C021,0,,0,0
P001,C022,0,,0,0
P001,C023,0,,0,0
P001,C024,0,,0,0
P001,C025,0,,0,0
P001,C026,0,,0,0
P001,C027,0,,0,0
P001,C028,0,,0,0
P001,C029,1,3,3,3
P001,C030,1,3,3,3
P001,C031,0,,0,0
P001,C032,0,,0,0
P001,C033,0,,0,0
P001,C034,0,,0,0
P001,C035,1,3,3,3
P001,C036,0,,0,0
P001,C037,0,,0,0
P001,C038,0,,0,0
P001,C039,1,3,3,3
P001,C040,0,,0,0
P001,C041,0,,0,0
P001,C042,0,,0,0
P001,C043,1,3,3,3
P001,C044,1,3,3,3
P001,C045,0,,0,0
P001,C046,0,,0,0
P001,C047,1,2,4,4
P001,C048,1,3,3,3
P001,C049,0,,0,0
P001,C050,0,,0,0
P001,C051,0,,0,0
P001,C052,0,,0,0
P001,C053,1,3,3,3
P001,C054,1,3,3,3
P001,C055,1,3,3,3
P001,C056,0,,0,0
P001,C057,0,,0,0
P001,C058,0,,0,0
P001,C059,0,,0,0
P002,C001,0,,0,0
P002,C002,0,,0,0
P002,C003,0,,0,0
P002,C004,0,,0,0
P002,C005,1,3,3,3
P002,C006,0,,0,0
P002,C007,0,,0,0
P002,C008,0,,0,0
P002,C009,0,,0,0
P002,C010,0,,0,0
P002,C011,0,,0,0
P002,C012,0,,0,0
P002,C013,0,,0,0
P002,C014,0,,0,0
P002,C015,0,,0,0
P002,C016,0,,0,0
P002,C017,0,,0,0
P002,C018,0,,0,0
P002,C019,0,,0,0
P002,C020,0,,0,0
P002,C021,0,,0,0
P002,C022,0,,0,0
P002,C023,1,3,3,3
P002,C024,1,3,3,3
P002,C025,1,3,3,3
P002,C026,1,3,3,3
P002,C027,1,3,3,3
P002,C028,0,,0,0
P002,C029,0,,0,0
P002,C030,0,,0,0
P002,C031,0,,0,0
P002,C032,0,,0,0
P002,C033,0,,0,0
P002,C034,0,,0,0
P002,C035,0,,0,0
P002,C036,1,3,3,3
P002,C037,0,,0,0
P002,C038,0,,0,0
P002,C039,0,,0,0
P002,C040,1,3,3,3
P002,C041,0,,0,0
P002,C042,0,,0,0
P002,C043,0,,0,0
P002,C044,0,,0,0
P002,C045,0,,0,0
P002,C046,0,,0,0
P002,C047,0,,0,0
P002,C048,0,,0,0
P002,C049,1,3,3,3
P002,C050,0,,0,0
P002,C051,0,,0,0
P002,C052,0,,0,0
P002,C053,0,,0,0
P002,C054,0,,0,0
P002,C055,0,,0,0
P002,C056,0,,0,0
P002,C057,0,,0,0
P002,C058,0,,0,0
P002,C059,0,,0,0
P003,C001,0,,0,0
P003,C002,0,,0,0
P003,C003,0,,0,0
P003,C004,0,,0,0
P003,C005,0,,0,0
P003,C006,0,,0,0
P003,C007,0,,0,0
P003,C008,0,,0,0
P003,C009,0,,0,0
P003,C010,0,,0,0
P003,C011,0,,0,0
P003,C012,0,,0,0
P003,C013,0,,0,0
P003,C014,0,,0,0
P003,C015,0,,0,0
P003,C016,0,,0,0
P003,C017,1,3,3,3
P003,C018,1,3,3,3
P003,C019,1,3,3,3
P003,C020,1,3,3,3
P003,C021,0,,0,0
P003,C022,0,,0,0
P003,C023,0,,0,0
P003,C024,0,,0,0
P003,C025,0,,0,0
P003,C026,0,,0,0
P003,C027,0,,0,0
P003,C028,0,,0,0
P003,C029,1,3,3,3
P003,C030,1,3,3,3
P003,C031,0,,0,0
P003,C032,0,,0,0
P003,C033,0,,0,0
P003,C034,0,,0,0
P003,C035,1,3,3,3
P003,C036,0,,0,0
P003,C037,0,,0,0
P003,C038,0,,0,0
P003,C039,0,,0,0
P003,C040,0,,0,0
P003,C041,0,,0,0
P003,C042,0,,0,0
P003,C043,1,3,3,3
P003,C044,1,3,3,3
P003,C045,0,,0,0
P003,C046,0,,0,0
P003,C047,0,,0,0
P003,C048,0,,0,0
P003,C049,0,,0,0
P003,C050,0,,0,0
P003,C051,0,,0,0
P003,C052,0,,0,0
P003,C053,1,3,3,3
P003,C054,1,3,3,3
P003,C055,1,3,3,3
P003,C056,0,,0,0
P003,C057,0,,0,0
P003,C058,0,,0,0
P003,C059,0,,0,0
P004,C001,1,2,4,4
P004,C002,1,2,4,4
P004,C003,0,,0,0
P004,C004,0,,0,0
P004,C005,1,3,3,3
P004,C006,1,3,3,3
P004,C007,1,3,3,3
P004,C008,1,3,3,3
P004,C009,1,3,3,3
P004,C010,1,3,3,3
P004,C011,1,3,3,3
P004,C012,1,3,3,3
P004,C013,1,3,3,3
P004,C014,1,3,3,3
P004,C015,1,3,3,3
P004,C016,1,3,3,3
P004,C017,1,3,3,3
P004,C018,1,3,3,3
P004,C019,1,3,3,3
P004,C020,1,3,3,3
P004,C021,1,3,3,3
P004,C022,1,3,3,3
P004,C023,0,,0,0
P004,C024,0,,0,0
P004,C025,0,,0,0
P004,C026,0,,0,0
P004,C027,0,,0,0
P004,C028,1,3,3,3
P004,C029,1,2,4,4
P004,C030,1,2,4,4
P004,C031,1,3,3,3
P004,C032,1,3,3,3
P004,C033,1,3,3,3
P004,C034,1,3,3,3
P004,C035,1,3,3,3
P004,C036,0,,0,0
P004,C037,0,,0,0
P004,C038,0,,0,0
P004,C039,1,3,3,3
P004,C040,0,,0,0
P004,C041,1,3,3,3
P004,C042,1,3,3,3
P004,C043,0,,0,0
P004,C044,0,,0,0
P004,C045,0,,0,0
P004,C046,0,,0,0
P004,C047,0,,0,0
P004,C048,0,,0,0
P004,C049,0,,0,0
P004,C050,1,3,3,3
P004,C051,1,3,3,3
P004,C052,1,3,3,3
P004,C053,0,,0,0
P004,C054,0,,0,0
P004,C055,0,,0,0
P004,C056,0,,0,0
P004,C057,0,,0,0
P004,C058,0,,0,0
P004,C059,0,,0,0
P005,C001,0,,0,0
P005,C002,0,,0,0
P005,C003,0,,0,0
P005,C004,0,,0,0
P005,C005,0,,0,0
P005,C006,0,,0,0
P005,C007,0,,0,0
P005,C008,0,,0,0
P005,C009,0,,0,0
P005,C010,0,,0,0
P005,C011,0,,0,0
P005,C012,0,,0,0
P005,C013,0,,0,0
P005,C014,0,,0,0
P005,C015,0,,0,0
P005,C016,0,,0,0
P005,C017,0,,0,0
P005,C018,0,,0,0
P005,C019,0,,0,0
P005,C020,0,,0,0
P005,C021,0,,0,0
P005,C022,1,3,3,3
P005,C023,0,,0,0
P005,C024,0,,0,0
P005,C025,0,,0,0
P005,C026,0,,0,0
P005,C027,0,,0,0
P005,C028,0,,0,0
P005,C029,0,,0,0
P005,C030,0,,0,0
P005,C031,1,3,3,3
P005,C032,1,3,3,3
P005,C033,0,,0,0
P005,C034,0,,0,0
P005,C035,1,3,3,3
P005,C036,1,3,3,3
P005,C037,0,,0,0
P005,C038,0,,0,0
P005,C039,0,,0,0
P005,C040,0,,0,0
P005,C041,0,,0,0
P005,C042,0,,0,0
P005,C043,0,,0,0
P005,C044,0,,0,0
P005,C045,1,3,3,3
P005,C046,0,,0,0
P005,C047,1,3,3,3
P005,C048,1,3,3,3
P005,C049,1,3,3,3
P005,C050,0,,0,0
P005,C051,0,,0,0
P005,C052,0,,0,0
P005,C053,0,,0,0
P005,C054,0,,0,0
P005,C055,0,,0,0
P005,C056,0,,0,0
P005,C057,0,,0,0
P005,C058,0,,0,0
P005,C059,0,,0,0
P006,C001,0,,0,0
P006,C002,0,,0,0
P006,C003,0,,0,0
P006,C004,0,,0,0
P006,C005,0,,0,0
P006,C006,0,,0,0
P006,C007,0,,0,0
P006,C008,0,,0,0
P006,C009,0,,0,0
P006,C010,0,,0,0
P006,C011,0,,0,0
P006,C012,0,,0,0
P006,C013,0,,0,0
P006,C014,0,,0,0
P006,C015,0,,0,0
P006,C016,0,,0,0
P006,C017,0,,0,0
P006,C018,0,,0,0
P006,C019,0,,0,0
P006,C020,0,,0,0
P006,C021,0,,0,0
P006,C022,0,,0,0
P006,C023,0,,0,0
P006,C024,0,,0,0
P006,C025,0,,0,0
P006,C026,0,,0,0
P006,C027,0,,0,0
P006,C028,1,3,3,3
P006,C029,0,,0,0
P006,C030,0,,0,0
P006,C031,0,,0,0
P006,C032,0,,0,0
P006,C033,0,,0,0
P006,C034,1,3,3,3
P006,C035,0,,0,0
P006,C036,0,,0,0
P006,C037,0,,0,0
P006,C038,0,,0,0
P006,C039,0,,0,0
P006,C040,0,,0,0
P006,C041,0,,0,0
P006,C042,0,,0,0
P006,C043,0,,0,0
P006,C044,0,,0,0
P006,C045,0,,0,0
P006,C046,0,,0,0
P006,C047,0,,0,0
P006,C048,0,,0,0
P006,C049,0,,0,0
P006,C050,0,,0,0
P006,C051,0,,0,0
P006,C052,0,,0,0
P006,C053,0,,0,0
P006,C054,0,,0,0
P006,C055,0,,0,0
P006,C056,0,,0,0
P006,C057,1,3,3,3
P006,C058,1,3,3,3
P006,C059,0,,0,0
P007,C001,0,,0,0
P007,C002,0,,0,0
P007,C003,0,,0,0
P007,C004,0,,0,0
P007,C005,0,,0,0
P007,C006,0,,0,0
P007,C007,0,,0,0
P007,C008,0,,0,0
P007,C009,0,,0,0
P007,C010,0,,0,0
P007,C011,0,,0,0
P007,C012,0,,0,0
P007,C013,0,,0,0
P007,C014,0,,0,0
P007,C015,0,,0,0
P007,C016,0,,0,0
P007,C017,0,,0,0
P007,C018,0,,0,0
P007,C019,0,,0,0
P007,C020,0,,0,0
P007,C021,0,,0,0
P007,C022,1,3,3,3
P007,C023,0,,0,0
P007,C024,0,,0,0
P007,C025,0,,0,0
P007,C026,0,,0,0
P007,C027,0,,0,0
P007,C028,0,,0,0
P007,C029,0,,0,0
P007,C030,0,,0,0
P007,C031,0,,0,0
P007,C032,0,,0,0
P007,C033,0,,0,0
P007,C034,0,,0,0
P007,C035,1,3,3,3
P007,C036,0,,0,0
P007,C037,1,3,3,3
P007,C038,0,,0,0
P007,C039,0,,0,0
P007,C040,0,,0,0
P007,C041,0,,0,0
P007,C042,0,,0,0
P007,C043,0,,0,0
P007,C044,0,,0,0
P007,C045,0,,0,0
P007,C046,1,3,3,3
P007,C047,0,,0,0
P007,C048,0,,0,0
P007,C049,0,,0,0
P007,C050,1,3,3,3
P007,C051,0,,0,0
P007,C052,0,,0,0
P007,C053,0,,0,0
P007,C054,0,,0,0
P007,C055,0,,0,0
P007,C056,0,,0,0
P007,C057,0,,0,0
P007,C058,0,,0,0
P007,C059,1,3,3,3
P008,C001,1,3,3,3
P008,C002,1,3,3,3
P008,C003,1,3,3,3
P008,C004,1,3,3,3
P008,C005,1,3,3,3
P008,C006,1,3,3,3
P008,C007,1,3,3,3
P008,C008,1,3,3,3
P008,C009,1,3,3,3
P008,C010,1,3,3,3
P008,C011,1,3,3,3
P008,C012,1,3,3,3
P008,C013,1,3,3,3
P008,C014,1,3,3,3
P008,C015,1,3,3,3
P008,C016,1,3,3,3
P008,C017,1,2,4,4
P008,C018,1,2,4,4
P008,C019,1,2,4,4
P008,C020,1,2,4,4
P008,C021,1,3,3,3
P008,C022,1,3,3,3
P008,C023,0,,0,0
P008,C024,0,,0,0
P008,C025,0,,0,0
P008,C026,0,,0,0
P008,C027,0,,0,0
P008,C028,0,,0,0
P008,C029,1,2,4,4
P008,C030,1,2,4,4
P008,C031,1,3,3,3
P008,C032,1,3,3,3
P008,C033,0,,0,0
P008,C034,0,,0,0
P008,C035,1,2,4,4
P008,C036,1,3,3,3
P008,C037,0,,0,0
P008,C038,0,,0,0
P008,C039,0,,0,0
P008,C040,0,,0,0
P008,C041,0,,0,0
P008,C042,0,,0,0
P008,C043,1,3,3,3
P008,C044,1,2,4,4
P008,C045,1,3,3,3
P008,C046,0,,0,0
P008,C047,0,,0,0
P008,C048,0,,0,0
P008,C049,1,3,3,3
P008,C050,0,,0,0
P008,C051,0,,0,0
P008,C052,0,,0,0
P008,C053,1,3,3,3
P008,C054,1,3,3,3
P008,C055,1,3,3,3
P008,C056,0,,0,0
P008,C057,0,,0,0
P008,C058,0,,0,0
P008,C059,0,,0,0
P009,C001,0,,0,0
P009,C002,0,,0,0
P009,C003,0,,0,0
P009,C004,0,,0,0
P009,C005,0,,0,0
P009,C006,0,,0,0
P009,C007,0,,0,0
P009,C008,0,,0,0
P009,C009,0,,0,0
P009,C010,0,,0,0
P009,C011,0,,0,0
P009,C012,0,,0,0
P009,C013,0,,0,0
P009,C014,0,,0,0
P009,C015,0,,0,0
P009,C016,0,,0,0
P009,C017,0,,0,0
P009,C018,0,,0,0
P009,C019,0,,0,0
P009,C020,0,,0,0
P009,C021,0,,0,0
P009,C022,1,3,3,3
P009,C023,0,,0,0
P009,C024,0,,0,0
P009,C025,0,,0,0
P009,C026,0,,0,0
P009,C027,0,,0,0
P009,C028,0,,0,0
P009,C029,0,,0,0
P009,C030,0,,0,0
P009,C031,0,,0,0
P009,C032,0,,0,0
P009,C033,0,,0,0
P009,C034,0,,0,0
P009,C035,1,3,3,3
P009,C036,0,,0,0
P009,C037,1,3,3,3
P009,C038,0,,0,0
P009,C039,0,,0,0
P009,C040,0,,0,0
P009,C041,0,,0,0
P009,C042,0,,0,0
P009,C043,0,,0,0
P009,C044,0,,0,0
P009,C045,0,,0,0
P009,C046,1,3,3,3
P009,C047,0,,0,0
P009,C048,0,,0,0
P009,C049,0,,0,0
P009,C050,1,3,3,3
P009,C051,0,,0,0
P009,C052,0,,0,0
P009,C053,0,,0,0
P009,C054,0,,0,0
P009,C055,0,,0,0
P009,C056,0,,0,0
P009,C057,0,,0,0
P009,C058,0,,0,0
P009,C059,1,3,3,3
P010,C001,0,,0,0
P010,C002,0,,0,0
P010,C003,0,,0,0
P010,C004,0,,0,0
P010,C005,0,,0,0
P010,C006,0,,0,0
P010,C007,0,,0,0
P010,C008,0,,0,0
P010,C009,0,,0,0
P010,C010,0,,0,0
P010,C011,0,,0,0
P010,C012,0,,0,0
P010,C013,0,,0,0
P010,C014,0,,0,0
P010,C015,0,,0,0
P010,C016,0,,0,0
P010,C017,0,,0,0
P010,C018,0,,0,0
P010,C019,0,,0,0
P010,C020,0,,0,0
P010,C021,0,,0,0
P010,C022,1,2,4,4
P010,C023,1,3,3,3
P010,C024,1,3,3,3
P010,C025,1,3,3,3
P010,C026,1,3,3,3
P010,C027,1,3,3,3
P010,C028,0,,0,0
P010,C029,0,,0,0
P010,C030,0,,0,0
P010,C031,1,3,3,3
P010,C032,1,3,3,3
P010,C033,0,,0,0
P010,C034,0,,0,0
P010,C035,1,2,4,4
P010,C036,1,3,3,3
P010,C037,1,2,4,4
P010,C038,0,,0,0
P010,C039,0,,0,0
P010,C040,0,,0,0
P010,C041,0,,0,0
P010,C042,0,,0,0
P010,C043,0,,0,0
P010,C044,0,,0,0
P010,C045,1,3,3,3
P010,C046,1,3,3,3
P010,C047,0,,0,0
P010,C048,0,,0,0
P010,C049,1,3,3,3
P010,C050,1,3,3,3
P010,C051,0,,0,0
P010,C052,0,,0,0
P010,C053,0,,0,0
P010,C054,0,,0,0
P010,C055,0,,0,0
P010,C056,0,,0,0
P010,C057,0,,0,0
P010,C058,0,,0,0
P010,C059,1,3,3,3
P011,C001,0,,0,0
P011,C002,0,,0,0
P011,C003,0,,0,0
P011,C004,0,,0,0
P011,C005,0,,0,0
P011,C006,0,,0,0
P011,C007,0,,0,0
P011,C008,0,,0,0
P011,C009,0,,0,0
P011,C010,0,,0,0
P011,C011,0,,0,0
P011,C012,0,,0,0
P011,C013,0,,0,0
P011,C014,0,,0,0
P011,C015,0,,0,0
P011,C016,0,,0,0
P011,C017,0,,0,0
P011,C018,0,,0,0
P011,C019,0,,0,0
P011,C020,0,,0,0
P011,C021,0,,0,0
P011,C022,0,,0,0
P011,C023,0,,0,0
P011,C024,0,,0,0
P011,C025,0,,0,0
P011,C026,0,,0,0
P011,C027,0,,0,0
P011,C028,0,,0,0
P011,C029,0,,0,0
P011,C030,0,,0,0
P011,C031,0,,0,0
P011,C032,0,,0,0
P011,C033,0,,0,0
P011,C034,0,,0,0
P011,C035,0,,0,0
P011,C036,0,,0,0
P011,C037,0,,0,0
P011,C038,0,,0,0
P011,C039,0,,0,0
P011,C040,0,,0,0
P011,C041,0,,0,0
P011,C042,0,,0,0
P011,C043,0,,0,0
P011,C044,0,,0,0
P011,C045,0,,0,0
P011,C046,0,,0,0
P011,C047,0,,0,0
P011,C048,1,3,3,3
P011,C049,0,,0,0
P011,C050,0,,0,0
P011,C051,0,,0,0
P011,C052,0,,0,0
P011,C053,0,,0,0
P011,C054,0,,0,0
P011,C055,0,,0,0
P011,C056,0,,0,0
P011,C057,0,,0,0
P011,C058,0,,0,0
P011,C059,0,,0,0
P012,C001,1,3,3,3
P012,C002,1,3,3,3
P012,C003,1,3,3,3
P012,C004,1,3,3,3
P012,C005,1,3,3,3
P012,C006,1,3,3,3
P012,C007,1,3,3,3
P012,C008,1,3,3,3
P012,C009,1,3,3,3
P012,C010,1,3,3,3
P012,C011,1,3,3,3
P012,C012,1,3,3,3
P012,C013,1,3,3,3
P012,C014,1,3,3,3
P012,C015,1,3,3,3
P012,C016,1,3,3,3
P012,C017,1,3,3,3
P012,C018,1,3,3,3
P012,C019,1,3,3,3
P012,C020,1,3,3,3
P012,C021,1,3,3,3
P012,C022,1,3,3,3
P012,C023,1,3,3,3
P012,C024,1,3,3,3
P012,C025,1,3,3,3
P012,C026,1,3,3,3
P012,C027,1,3,3,3
P012,C028,1,3,3,3
P012,C029,1,3,3,3
P012,C030,1,3,3,3
P012,C031,1,3,3,3
P012,C032,1,3,3,3
P012,C033,1,3,3,3
P012,C034,1,3,3,3
P012,C035,1,3,3,3
P012,C036,1,3,3,3
P012,C037,1,3,3,3
P012,C038,1,3,3,3
P012,C039,1,3,3,3
P012,C040,0,,0,0
P012,C041,0,,0,0
P012,C042,0,,0,0
P012,C043,0,,0,0
P012,C044,1,3,3,3
P012,C045,0,,0,0
P012,C046,0,,0,0
P012,C047,0,,0,0
P012,C048,0,,0,0
P012,C049,0,,0,0
P012,C050,0,,0,0
P012,C051,0,,0,0
P012,C052,0,,0,0
P012,C053,0,,0,0
P012,C054,0,,0,0
P012,C055,0,,0,0
P012,C056,1,3,3,3
P012,C057,0,,0,0
P012,C058,0,,0,0
P012,C059,0,,0,0
P013,C001,0,,0,0
P013,C002,0,,0,0
P013,C003,0,,0,0
P013,C004,0,,0,0
P013,C005,0,,0,0
P013,C006,0,,0,0
P013,C007,0,,0,0
P013,C008,0,,0,0
P013,C009,0,,0,0
P013,C010,0,,0,0
P013,C011,0,,0,0
P013,C012,0,,0,0
P013,C013,0,,0,0
P013,C014,0,,0,0
P013,C015,0,,0,0
P013,C016,0,,0,0
P013,C017,0,,0,0
P013,C018,0,,0,0
P013,C019,0,,0,0
P013,C020,0,,0,0
P013,C021,0,,0,0
P013,C022,0,,0,0
P013,C023,1,3,3,3
P013,C024,1,3,3,3
P013,C025,1,3,3,3
P013,C026,1,3,3,3
P013,C027,1,3,3,3
P013,C028,1,3,3,3
P013,C029,0,,0,0
P013,C030,0,,0,0
P013,C031,0,,0,0
P013,C032,0,,0,0
P013,C033,0,,0,0
P013,C034,1,3,3,3
P013,C035,0,,0,0
P013,C036,0,,0,0
P013,C037,0,,0,0
P013,C038,0,,0,0
P013,C039,0,,0,0
P013,C040,0,,0,0
P013,C041,0,,0,0
P013,C042,0,,0,0
P013,C043,0,,0,0
P013,C044,0,,0,0
P013,C045,0,,0,0
P013,C046,0,,0,0
P013,C047,0,,0,0
P013,C048,0,,0,0
P013,C049,0,,0,0
P013,C050,0,,0,0
P013,C051,0,,0,0
P013,C052,0,,0,0
P013,C053,0,,0,0
P013,C054,0,,0,0
P013,C055,0,,0,0
P013,C056,0,,0,0
P013,C057,1,3,3,3
P013,C058,0,,0,0
P013,C059,0,,0,0
P014,C001,0,,0,0
P014,C002,0,,0,0
P014,C003,0,,0,0
P014,C004,0,,0,0
P014,C005,0,,0,0
P014,C006,0,,0,0
P014,C007,0,,0,0
P014,C008,0,,0,0
P014,C009,0,,0,0
P014,C010,0,,0,0
P014,C011,0,,0,0
P014,C012,0,,0,0
P014,C013,0,,0,0
P014,C014,0,,0,0
P014,C015,0,,0,0
P014,C016,0,,0,0
P014,C017,0,,0,0
P014,C018,0,,0,0
P014,C019,0,,0,0
P014,C020,0,,0,0
P014,C021,0,,0,0
P014,C022,0,,0,0
P014,C023,0,,0,0
P014,C024,0,,0,0
P014,C025,0,,0,0
P014,C026,0,,0,0
P014,C027,0,,0,0
P014,C028,0,,0,0
P014,C029,0,,0,0
P014,C030,0,,0,0
P014,C031,0,,0,0
P014,C032,0,,0,0
P014,C033,0,,0,0
P014,C034,0,,0,0
P014,C035,0,,0,0
P014,C036,0,,0,0
P014,C037,0,,0,0
P014,C038,0,,0,0
P014,C039,0,,0,0
P014,C040,0,,0,0
P014,C041,0,,0,0
P014,C042,0,,0,0
P014,C043,0,,0,0
P014,C044,0,,0,0
P014,C045,0,,0,0
P014,C046,0,,0,0
P014,C047,0,,0,0
P014,C048,0,,0,0
P014,C049,0,,0,0
P014,C050,0,,0,0
P014,C051,0,,0,0
P014,C052,0,,0,0
P014,C053,0,,0,0
P014,C054,1,3,3,3
P014,C055,0,,0,0
P014,C056,0,,0,0
P014,C057,0,,0,0
P014,C058,0,,0,0
P014,C059,0,,0,0
P015,C001,0,,0,0
P015,C002,0,,0,0
P015,C003,0,,0,0
P015,C004,0,,0,0
P015,C005,0,,0,0
P015,C006,0,,0,0
P015,C007,0,,0,0
P015,C008,0,,0,0
P015,C009,0,,0,0
P015,C010,0,,0,0
P015,C011,0,,0,0
P015,C012,0,,0,0
P015,C013,0,,0,0
P015,C014,0,,0,0
P015,C015,0,,0,0
P015,C016,0,,0,0
P015,C017,0,,0,0
P015,C018,0,,0,0
P015,C019,0,,0,0
P015,C020,0,,0,0
P015,C021,0,,0,0
P015,C022,0,,0,0
P015,C023,0,,0,0
P015,C024,0,,0,0
P015,C025,0,,0,0
P015,C026,0,,0,0
P015,C027,0,,0,0
P015,C028,1,2,4,4
P015,C029,1,3,3,3
P015,C030,1,3,3,3
P015,C031,0,,0,0
P015,C032,0,,0,0
P015,C033,1,3,3,3
P015,C034,1,2,4,4
P015,C035,0,,0,0
P015,C036,0,,0,0
P015,C037,0,,0,0
P015,C038,0,,0,0
P015,C039,0,,0,0
P015,C040,0,,0,0
P015,C041,1,3,3,3
P015,C042,1,3,3,3
P015,C043,0,,0,0
P015,C044,0,,0,0
P015,C045,0,,0,0
P015,C046,0,,0,0
P015,C047,0,,0,0
P015,C048,0,,0,0
P015,C049,0,,0,0
P015,C050,1,3,3,3
P015,C051,1,3,3,3
P015,C052,1,3,3,3
P015,C053,0,,0,0
P015,C054,0,,0,0
P015,C055,0,,0,0
P015,C056,0,,0,0
P015,C057,1,3,3,3
P015,C058,0,,0,0
P015,C059,0,,0,0
P016,C001,0,,0,0
P016,C002,0,,0,0
P016,C003,0,,0,0
P016,C004,0,,0,0
P016,C005,1,3,3,3
P016,C006,0,,0,0
P016,C007,0,,0,0
P016,C008,0,,0,0
P016,C009,0,,0,0
P016,C010,0,,0,0
P016,C011,0,,0,0
P016,C012,0,,0,0
P016,C013,0,,0,0
P016,C014,0,,0,0
P016,C015,0,,0,0
P016,C016,0,,0,0
P016,C017,0,,0,0
P016,C018,0,,0,0
P016,C019,0,,0,0
P016,C020,0,,0,0
P016,C021,0,,0,0
P016,C022,0,,0,0
P016,C023,0,,0,0
P016,C024,0,,0,0
P016,C025,0,,0,0
P016,C026,0,,0,0
P016,C027,0,,0,0
P016,C028,0,,0,0
P016,C029,0,,0,0
P016,C030,0,,0,0
P016,C031,0,,0,0
P016,C032,0,,0,0
P016,C033,0,,0,0
P016,C034,0,,0,0
P016,C035,0,,0,0
P016,C036,1,3,3,3
P016,C037,0,,0,0
P016,C038,0,,0,0
P016,C039,0,,0,0
P016,C040,1,3,3,3
P016,C041,0,,0,0
P016,C042,0,,0,0
P016,C043,0,,0,0
P016,C044,0,,0,0
P016,C045,0,,0,0
P016,C046,0,,0,0
P016,C047,0,,0,0
P016,C048,0,,0,0
P016,C049,1,3,3,3
P016,C050,0,,0,0
P016,C051,0,,0,0
P016,C052,0,,0,0
P016,C053,0,,0,0
P016,C054,0,,0,0
P016,C055,0,,0,0
P016,C056,0,,0,0
P016,C057,0,,0,0
P016,C058,0,,0,0
P016,C059,0,,0,0
P017,C001,1,3,3,3
P017,C002,0,,0,0
P017,C003,1,3,3,3
P017,C004,1,3,3,3
P017,C005,0,,0,0
P017,C006,0,,0,0
P017,C007,0,,0,0
P017,C008,0,,0,0
P017,C009,0,,0,0
P017,C010,0,,0,0
P017,C011,0,,0,0
P017,C012,0,,0,0
P017,C013,0,,0,0
P017,C014,0,,0,0
P017,C015,0,,0,0
P017,C016,0,,0,0
P017,C017,1,3,3,3
P017,C018,1,3,3,3
P017,C019,1,3,3,3
P017,C020,1,3,3,3
P017,C021,0,,0,0
P017,C022,1,3,3,3
P017,C023,0,,0,0
P017,C024,0,,0,0
P017,C025,0,,0,0
P017,C026,0,,0,0
P017,C027,0,,0,0
P017,C028,0,,0,0
P017,C029,1,3,3,3
P017,C030,1,3,3,3
P017,C031,1,3,3,3
P017,C032,1,3,3,3
P017,C033,0,,0,0
P017,C034,0,,0,0
P017,C035,1,2,4,4
P017,C036,1,3,3,3
P017,C037,0,,0,0
P017,C038,0,,0,0
P017,C039,1,3,3,3
P017,C040,0,,0,0
P017,C041,0,,0,0
P017,C042,0,,0,0
P017,C043,1,3,3,3
P017,C044,1,3,3,3
P017,C045,1,3,3,3
P017,C046,0,,0,0
P017,C047,1,2,4,4
P017,C048,1,3,3,3
P017,C049,1,3,3,3
P017,C050,0,,0,0
P017,C051,0,,0,0
P017,C052,0,,0,0
P017,C053,1,3,3,3
P017,C054,1,3,3,3
P017,C055,1,3,3,3
P017,C056,0,,0,0
P017,C057,0,,0,0
P017,C058,0,,0,0
P017,C059,0,,0,0
P018,C001,0,,0,0
P018,C002,0,,0,0
P018,C003,0,,0,0
P018,C004,0,,0,0
P018,C005,0,,0,0
P018,C006,0,,0,0
P018,C007,0,,0,0
P018,C008,0,,0,0
P018,C009,0,,0,0
P018,C010,0,,0,0
P018,C011,0,,0,0
P018,C012,0,,0,0
P018,C013,0,,0,0
P018,C014,0,,0,0
P018,C015,0,,0,0
P018,C016,0,,0,0
P018,C017,0,,0,0
P018,C018,0,,0,0
P018,C019,0,,0,0
P018,C020,0,,0,0
P018,C021,0,,0,0
P018,C022,1,3,3,3
P018,C023,0,,0,0
P018,C024,0,,0,0
P018,C025,0,,0,0
P018,C026,0,,0,0
P018,C027,0,,0,0
P018,C028,0,,0,0
P018,C029,0,,0,0
P018,C030,0,,0,0
P018,C031,1,3,3,3
P018,C032,1,3,3,3
P018,C033,0,,0,0
P018,C034,0,,0,0
P018,C035,1,3,3,3
P018,C036,0,,0,0
P018,C037,0,,0,0
P018,C038,0,,0,0
P018,C039,1,3,3,3
P018,C040,0,,0,0
P018,C041,0,,0,0
P018,C042,0,,0,0
P018,C043,0,,0,0
P018,C044,0,,0,0
P018,C045,0,,0,0
P018,C046,0,,0,0
P018,C047,0,,0,0
P018,C048,0,,0,0
P018,C049,0,,0,0
P018,C050,0,,0,0
P018,C051,0,,0,0
P018,C052,0,,0,0
P018,C053,0,,0,0
P018,C054,0,,0,0
P018,C055,0,,0,0
P018,C056,0,,0,0
P018,C057,0,,0,0
P018,C058,0,,0,0
P018,C059,0,,0,0
P019,C001,1,3,3,3
P019,C002,0,,0,0
P019,C003,1,3,3,3
P019,C004,1,3,3,3
P019,C005,0,,0,0
P019,C006,0,,0,0
P019,C007,0,,0,0
P019,C008,0,,0,0
P019,C009,0,,0,0
P019,C010,0,,0,0
P019,C011,0,,0,0
P019,C012,0,,0,0
P019,C013,0,,0,0
P019,C014,0,,0,0
P019,C015,0,,0,0
P019,C016,0,,0,0
P019,C017,0,,0,0
P019,C018,0,,0,0
P019,C019,0,,0,0
P019,C020,0,,0,0
P019,C021,0,,0,0
P019,C022,0,,0,0
P019,C023,0,,0,0
P019,C024,0,,0,0
P019,C025,0,,0,0
P019,C026,0,,0,0
P019,C027,0,,0,0
P019,C028,0,,0,0
P019,C029,0,,0,0
P019,C030,0,,0,0
P019,C031,0,,0,0
P019,C032,0,,0,0
P019,C033,0,,0,0
P019,C034,0,,0,0
P019,C035,0,,0,0
P019,C036,0,,0,0
P019,C037,0,,0,0
P019,C038,0,,0,0
P019,C039,1,3,3,3
P019,C040,0,,0,0
P019,C041,0,,0,0
P019,C042,0,,0,0
P019,C043,0,,0,0
P019,C044,0,,0,0
P019,C045,0,,0,0
P019,C046,0,,0,0
P019,C047,1,2,4,4
P019,C048,1,3,3,3
P019,C049,0,,0,0
P019,C050,0,,0,0
P019,C051,0,,0,0
P019,C052,0,,0,0
P019,C053,0,,0,0
P019,C054,0,,0,0
P019,C055,0,,0,0
P019,C056,0,,0,0
P019,C057,0,,0,0
P019,C058,0,,0,0
P019,C059,0,,0,0
P020,C001,0,,0,0
P020,C002,0,,0,0
P020,C003,0,,0,0
P020,C004,0,,0,0
P020,C005,0,,0,0
P020,C006,0,,0,0
P020,C007,0,,0,0
P020,C008,0,,0,0
P020,C009,0,,0,0
P020,C010,0,,0,0
P020,C011,0,,0,0
P020,C012,0,,0,0
P020,C013,0,,0,0
P020,C014,0,,0,0
P020,C015,0,,0,0
P020,C016,0,,0,0
P020,C017,1,3,3,3
P020,C018,1,3,3,3
P020,C019,1,3,3,3
P020,C020,1,3,3,3
P020,C021,0,,0,0
P020,C022,1,3,3,3
P020,C023,0,,0,0
P020,C024,0,,0,0
P020,C025,0,,0,0
P020,C026,0,,0,0
P020,C027,0,,0,0
P020,C028,0,,0,0
P020,C029,1,3,3,3
P020,C030,1,3,3,3
P020,C031,1,3,3,3
P020,C032,1,3,3,3
P020,C033,0,,0,0
P020,C034,0,,0,0
P020,C035,1,2,4,4
P020,C036,1,3,3,3
P020,C037,0,,0,0
P020,C038,0,,0,0
P020,C039,0,,0,0
P020,C040,0,,0,0
P020,C041,0,,0,0
P020,C042,0,,0,0
P020,C043,1,3,3,3
P020,C044,1,3,3,3
P020,C045,1,3,3,3
P020,C046,0,,0,0
P020,C047,0,,0,0
P020,C048,0,,0,0
P020,C049,1,3,3,3
P020,C050,0,,0,0
P020,C051,0,,0,0
P020,C052,0,,0,0
P020,C053,1,3,3,3
P020,C054,1,3,3,3
P020,C055,1,3,3,3
P020,C056,0,,0,0
P020,C057,0,,0,0
P020,C058,0,,0,0
P020,C059,0,,0,0
P021,C001,0,,0,0
P021,C002,0,,0,0
P021,C003,0,,0,0
P021,C004,0,,0,0
P021,C005,0,,0,0
P021,C006,0,,0,0
P021,C007,0,,0,0
P021,C008,0,,0,0
P021,C009,0,,0,0
P021,C010,0,,0,0
P021,C011,0,,0,0
P021,C012,0,,0,0
P021,C013,0,,0,0
P021,C014,0,,0,0
P021,C015,0,,0,0
P021,C016,0,,0,0
P021,C017,0,,0,0
P021,C018,0,,0,0
P021,C019,0,,0,0
P021,C020,0,,0,0
P021,C021,0,,0,0
P021,C022,1,3,3,3
P021,C023,0,,0,0
P021,C024,0,,0,0
P021,C025,0,,0,0
P021,C026,0,,0,0
P021,C027,0,,0,0
P021,C028,0,,0,0
P021,C029,0,,0,0
P021,C030,0,,0,0
P021,C031,1,3,3,3
P021,C032,1,3,3,3
P021,C033,0,,0,0
P021,C034,0,,0,0
P021,C035,1,3,3,3
P021,C036,1,3,3,3
P021,C037,0,,0,0
P021,C038,0,,0,0
P021,C039,0,,0,0
P021,C040,0,,0,0
P021,C041,0,,0,0
P021,C042,0,,0,0
P021,C043,0,,0,0
P021,C044,0,,0,0
P021,C045,1,3,3,3
P021,C046,0,,0,0
P021,C047,0,,0,0
P021,C048,0,,0,0
P021,C049,1,3,3,3
P021,C050,0,,0,0
P021,C051,0,,0,0
P021,C052,0,,0,0
P021,C053,0,,0,0
P021,C054,0,,0,0
P021,C055,0,,0,0
P021,C056,0,,0,0
P021,C057,0,,0,0
P021,C058,0,,0,0
P021,C059,0,,0,0
P022,C001,1,3,3,3
P022,C002,1,3,3,3
P022,C003,1,3,3,3
P022,C004,1,3,3,3
P022,C005,1,3,3,3
P022,C006,1,3,3,3
P022,C007,1,3,3,3
P022,C008,1,3,3,3
P022,C009,1,3,3,3
P022,C010,1,3,3,3
P022,C011,1,3,3,3
P022,C012,1,3,3,3
P022,C013,1,3,3,3
P022,C014,1,3,3,3
P022,C015,1,3,3,3
P022,C016,1,3,3,3
P022,C017,1,3,3,3
P022,C018,1,3,3,3
P022,C019,1,3,3,3
P022,C020,1,3,3,3
P022,C021,1,3,3,3
P022,C022,1,3,3,3
P022,C023,0,,0,0
P022,C024,0,,0,0
P022,C025,0,,0,0
P022,C026,0,,0,0
P022,C027,0,,0,0
P022,C028,0,,0,0
P022,C029,1,3,3,3
P022,C030,1,3,3,3
P022,C031,1,3,3,3
P022,C032,1,3,3,3
P022,C033,0,,0,0
P022,C034,0,,0,0
P022,C035,1,3,3,3
P022,C036,0,,0,0
P022,C037,0,,0,0
P022,C038,0,,0,0
P022,C039,1,3,3,3
P022,C040,0,,0,0
P022,C041,0,,0,0
P022,C042,0,,0,0
P022,C043,0,,0,0
P022,C044,1,3,3,3
P022,C045,0,,0,0
P022,C046,0,,0,0
P022,C047,0,,0,0
P022,C048,0,,0,0
P022,C049,0,,0,0
P022,C050,0,,0,0
P022,C051,0,,0,0
P022,C052,0,,0,0
P022,C053,0,,0,0
P022,C054,0,,0,0
P022,C055,0,,0,0
P022,C056,0,,0,0
P022,C057,0,,0,0
P022,C058,0,,0,0
P022,C059,0,,0,0
P023,C001,0,,0,0
P023,C002,0,,0,0
P023,C003,0,,0,0
P023,C004,0,,0,0
P023,C005,0,,0,0
P023,C006,0,,0,0
P023,C007,0,,0,0
P023,C008,0,,0,0
P023,C009,0,,0,0
P023,C010,0,,0,0
P023,C011,0,,0,0
P023,C012,0,,0,0
P023,C013,0,,0,0
P023,C014,0,,0,0
P023,C015,0,,0,0
P023,C016,0,,0,0
P023,C017,0,,0,0
P023,C018,0,,0,0
P023,C019,0,,0,0
P023,C020,0,,0,0
P023,C021,0,,0,0
P023,C022,0,,0,0
P023,C023,0,,0,0
P023,C024,0,,0,0
P023,C025,0,,0,0
P023,C026,0,,0,0
P023,C027,0,,0,0
P023,C028,0,,0,0
P023,C029,0,,0,0
P023,C030,0,,0,0
P023,C031,0,,0,0
P023,C032,0,,0,0
P023,C033,0,,0,0
P023,C034,0,,0,0
P023,C035,0,,0,0
P023,C036,0,,0,0
P023,C037,0,,0,0
P023,C038,0,,0,0
P023,C039,0,,0,0
P023,C040,0,,0,0
P023,C041,0,,0,0
P023,C042,0,,0,0
P023,C043,0,,0,0
P023,C044,0,,0,0
P023,C045,0,,0,0
P023,C046,0,,0,0
P023,C047,1,3,3,3
P023,C048,0,,0,0
P023,C049,0,,0,0
P023,C050,0,,0,0
P023,C051,0,,0,0
P023,C052,0,,0,0
P023,C053,0,,0,0
P023,C054,0,,0,0
P023,C055,0,,0,0
P023,C056,0,,0,0
P023,C057,0,,0,0
P023,C058,0,,0,0
P023,C059,0,,0,0
P024,C001,0,,0,0
P024,C002,0,,0,0
P024,C003,0,,0,0
P024,C004,0,,0,0
P024,C005,0,,0,0
P024,C006,0,,0,0
P024,C007,0,,0,0
P024,C008,0,,0,0
P024,C009,0,,0,0
P024,C010,0,,0,0
P024,C011,0,,0,0
P024,C012,0,,0,0
P024,C013,0,,0,0
P024,C014,0,,0,0
P024,C015,0,,0,0
P024,C016,0,,0,0
P024,C017,0,,0,0
P024,C018,0,,0,0
P024,C019,0,,0,0
P024,C020,0,,0,0
P024,C021,0,,0,0
P024,C022,0,,0,0
P024,C023,0,,0,0
P024,C024,0,,0,0
P024,C025,0,,0,0
P024,C026,0,,0,0
P024,C027,0,,0,0
P024,C028,0,,0,0
P024,C029,0,,0,0
P024,C030,0,,0,0
P024,C031,0,,0,0
P024,C032,0,,0,0
P024,C033,0,,0,0
P024,C034,0,,0,0
P024,C035,0,,0,0
P024,C036,0,,0,0
P024,C037,0,,0,0
P024,C038,0,,0,0
P024,C039,0,,0,0
P024,C040,0,,0,0
P024,C041,0,,0,0
P024,C042,0,,0,0
P024,C043,0,,0,0
P024,C044,0,,0,0
P024,C045,0,,0,0
P024,C046,0,,0,0
P024,C047,0,,0,0
P024,C048,1,3,3,3
P024,C049,0,,0,0
P024,C050,0,,0,0
P024,C051,0,,0,0
P024,C052,0,,0,0
P024,C053,0,,0,0
P024,C054,0,,0,0
P024,C055,0,,0,0
P024,C056,0,,0,0
P024,C057,0,,0,0
P024,C058,0,,0,0
P024,C059,0,,0,0
P025,C001,0,,0,0
P025,C002,0,,0,0
P025,C003,0,,0,0
P025,C004,0,,0,0
P025,C005,1,3,3,3
P025,C006,0,,0,0
P025,C007,0,,0,0
P025,C008,0,,0,0
P025,C009,0,,0,0
P025,C010,0,,0,0
P025,C011,0,,0,0
P025,C012,0,,0,0
P025,C013,0,,0,0
P025,C014,0,,0,0
P025,C015,0,,0,0
P025,C016,0,,0,0
P025,C017,0,,0,0
P025,C018,0,,0,0
P025,C019,0,,0,0
P025,C020,0,,0,0
P025,C021,0,,0,0
P025,C022,1,3,3,3
P025,C023,0,,0,0
P025,C024,0,,0,0
P025,C025,0,,0,0
P025,C026,0,,0,0
P025,C027,0,,0,0
P025,C028,0,,0,0
P025,C029,0,,0,0
P025,C030,0,,0,0
P025,C031,0,,0,0
P025,C032,0,,0,0
P025,C033,0,,0,0
P025,C034,0,,0,0
P025,C035,1,3,3,3
P025,C036,1,3,3,3
P025,C037,1,3,3,3
P025,C038,0,,0,0
P025,C039,0,,0,0
P025,C040,1,3,3,3
P025,C041,0,,0,0
P025,C042,0,,0,0
P025,C043,0,,0,0
P025,C044,0,,0,0
P025,C045,0,,0,0
P025,C046,1,3,3,3
P025,C047,0,,0,0
P025,C048,0,,0,0
P025,C049,1,3,3,3
P025,C050,1,3,3,3
P025,C051,0,,0,0
P025,C052,0,,0,0
P025,C053,0,,0,0
P025,C054,0,,0,0
P025,C055,0,,0,0
P025,C056,0,,0,0
P025,C057,0,,0,0
P025,C058,0,,0,0
P025,C059,1,3,3,3
P026,C001,1,3,3,3
P026,C002,1,3,3,3
P026,C003,1,3,3,3
P026,C004,1,3,3,3
P026,C005,1,3,3,3
P026,C006,1,3,3,3
P026,C007,1,3,3,3
P026,C008,1,3,3,3
P026,C009,1,3,3,3
P026,C010,1,3,3,3
P026,C011,1,3,3,3
P026,C012,1,3,3,3
P026,C013,1,3,3,3
P026,C014,1,3,3,3
P026,C015,1,3,3,3
P026,C016,1,3,3,3
P026,C017,1,3,3,3
P026,C018,1,3,3,3
P026,C019,1,3,3,3
P026,C020,1,3,3,3
P026,C021,1,3,3,3
P026,C022,0,,0,0
P026,C023,0,,0,0
P026,C024,0,,0,0
P026,C025,0,,0,0
P026,C026,0,,0,0
P026,C027,0,,0,0
P026,C028,0,,0,0
P026,C029,1,3,3,3
P026,C030,1,3,3,3
P026,C031,1,3,3,3
P026,C032,1,3,3,3
P026,C033,0,,0,0
P026,C034,0,,0,0
P026,C035,0,,0,0
P026,C036,0,,0,0
P026,C037,0,,0,0
P026,C038,0,,0,0
P026,C039,1,3,3,3
P026,C040,0,,0,0
P026,C041,0,,0,0
P026,C042,0,,0,0
P026,C043,0,,0,0
P026,C044,1,3,3,3
P026,C045,0,,0,0
P026,C046,0,,0,0
P026,C047,1,3,3,3
P026,C048,1,2,4,4
P026,C049,0,,0,0
P026,C050,0,,0,0
P026,C051,0,,0,0
P026,C052,0,,0,0
P026,C053,0,,0,0
P026,C054,0,,0,0
P026,C055,0,,0,0
P026,C056,0,,0,0
P026,C057,0,,0,0
P026,C058,0,,0,0
P026,C059,0,,0,0
P027,C001,1,3,3,3
P027,C002,1,2,4,4
P027,C003,1,3,3,3
P027,C004,1,3,3,3
P027,C005,1,3,3,3
P027,C006,1,3,3,3
P027,C007,1,3,3,3
P027,C008,1,3,3,3
P027,C009,1,3,3,3
P027,C010,1,3,3,3
P027,C011,1,3,3,3
P027,C012,1,3,3,3
P027,C013,1,3,3,3
P027,C014,1,3,3,3
P027,C015,1,3,3,3
P027,C016,1,3,3,3
P027,C017,1,3,3,3
P027,C018,1,3,3,3
P027,C019,1,3,3,3
P027,C020,1,3,3,3
P027,C021,1,3,3,3
P027,C022,1,3,3,3
P027,C023,0,,0,0
P027,C024,0,,0,0
P027,C025,0,,0,0
P027,C026,0,,0,0
P027,C027,0,,0,0
P027,C028,0,,0,0
P027,C029,1,3,3,3
P027,C030,1,3,3,3
P027,C031,1,3,3,3
P027,C032,1,3,3,3
P027,C033,0,,0,0
P027,C034,0,,0,0
P027,C035,1,3,3,3
P027,C036,0,,0,0
P027,C037,0,,0,0
P027,C038,0,,0,0
P027,C039,1,2,4,4
P027,C040,0,,0,0
P027,C041,0,,0,0
P027,C042,0,,0,0
P027,C043,0,,0,0
P027,C044,0,,0,0
P027,C045,0,,0,0
P027,C046,0,,0,0
P027,C047,1,3,3,3
P027,C048,1,3,3,3
P027,C049,0,,0,0
P027,C050,0,,0,0
P027,C051,0,,0,0
P027,C052,0,,0,0
P027,C053,0,,0,0
P027,C054,0,,0,0
P027,C055,0,,0,0
P027,C056,0,,0,0
P027,C057,0,,0,0
P027,C058,0,,0,0
P027,C059,0,,0,0
P028,C001,0,,0,0
P028,C002,0,,0,0
P028,C003,0,,0,0
P028,C004,0,,0,0
P028,C005,0,,0,0
P028,C006,0,,0,0
P028,C007,0,,0,0
P028,C008,0,,0,0
P028,C009,0,,0,0
P028,C010,0,,0,0
P028,C011,0,,0,0
P028,C012,0,,0,0
P028,C013,0,,0,0
P028,C014,0,,0,0
P028,C015,0,,0,0
P028,C016,0,,0,0
P028,C017,0,,0,0
P028,C018,0,,0,0
P028,C019,0,,0,0
P028,C020,0,,0,0
P028,C021,0,,0,0
P028,C022,1,3,3,3
P028,C023,0,,0,0
P028,C024,0,,0,0
P028,C025,0,,0,0
P028,C026,0,,0,0
P028,C027,0,,0,0
P028,C028,0,,0,0
P028,C029,0,,0,0
P028,C030,0,,0,0
P028,C031,1,3,3,3
P028,C032,1,3,3,3
P028,C033,0,,0,0
P028,C034,0,,0,0
P028,C035,1,3,3,3
P028,C036,1,3,3,3
P028,C037,0,,0,0
P028,C038,0,,0,0
P028,C039,0,,0,0
P028,C040,0,,0,0
P028,C041,0,,0,0
P028,C042,0,,0,0
P028,C043,0,,0,0
P028,C044,0,,0,0
P028,C045,1,3,3,3
P028,C046,0,,0,0
P028,C047,0,,0,0
P028,C048,0,,0,0
P028,C049,1,3,3,3
P028,C050,0,,0,0
P028,C051,0,,0,0
P028,C052,0,,0,0
P028,C053,0,,0,0
P028,C054,0,,0,0
P028,C055,0,,0,0
P028,C056,0,,0,0
P028,C057,0,,0,0
P028,C058,0,,0,0
P028,C059,0,,0,0
P029,C001,1,2,4,4
P029,C002,1,2,4,4
P029,C003,0,,0,0
P029,C004,0,,0,0
P029,C005,1,3,3,3
P029,C006,1,3,3,3
P029,C007,1,3,3,3
P029,C008,1,3,3,3
P029,C009,1,3,3,3
P029,C010,1,3,3,3
P029,C011,1,3,3,3
P029,C012,1,3,3,3
P029,C013,1,3,3,3
P029,C014,1,3,3,3
P029,C015,1,3,3,3
P029,C016,1,3,3,3
P029,C017,1,3,3,3
P029,C018,1,3,3,3
P029,C019,1,3,3,3
P029,C020,1,3,3,3
P029,C021,1,3,3,3
P029,C022,1,3,3,3
P029,C023,0,,0,0
P029,C024,0,,0,0
P029,C025,0,,0,0
P029,C026,0,,0,0
P029,C027,0,,0,0
P029,C028,0,,0,0
P029,C029,1,3,3,3
P029,C030,1,3,3,3
P029,C031,1,3,3,3
P029,C032,1,3,3,3
P029,C033,0,,0,0
P029,C034,0,,0,0
P029,C035,1,3,3,3
P029,C036,1,3,3,3
P029,C037,0,,0,0
P029,C038,0,,0,0
P029,C039,0,,0,0
P029,C040,0,,0,0
P029,C041,0,,0,0
P029,C042,0,,0,0
P029,C043,0,,0,0
P029,C044,0,,0,0
P029,C045,1,3,3,3
P029,C046,0,,0,0
P029,C047,0,,0,0
P029,C048,0,,0,0
P029,C049,1,3,3,3
P029,C050,0,,0,0
P029,C051,0,,0,0
P029,C052,0,,0,0
P029,C053,0,,0,0
P029,C054,0,,0,0
P029,C055,0,,0,0
P029,C056,0,,0,0
P029,C057,0,,0,0
P029,C058,0,,0,0
P029,C059,0,,0,0
P030,C001,1,3,3,3
P030,C002,0,,0,0
P030,C003,1,3,3,3
P030,C004,1,3,3,3
P030,C005,0,,0,0
P030,C006,0,,0,0
P030,C007,0,,0,0
P030,C008,0,,0,0
P030,C009,0,,0,0
P030,C010,0,,0,0
P030,C011,0,,0,0
P030,C012,0,,0,0
P030,C013,0,,0,0
P030,C014,0,,0,0
P030,C015,0,,0,0
P030,C016,0,,0,0
P030,C017,0,,0,0
P030,C018,0,,0,0
P030,C019,0,,0,0
P030,C020,0,,0,0
P030,C021,0,,0,0
P030,C022,0,,0,0
P030,C023,0,,0,0
P030,C024,0,,0,0
P030,C025,0,,0,0
P030,C026,0,,0,0
P030,C027,0,,0,0
P030,C028,0,,0,0
P030,C029,0,,0,0
P030,C030,0,,0,0
P030,C031,0,,0,0
P030,C032,0,,0,0
P030,C033,0,,0,0
P030,C034,0,,0,0
P030,C035,0,,0,0
P030,C036,0,,0,0
P030,C037,0,,0,0
P030,C038,0,,0,0
P030,C039,1,3,3,3
P030,C040,0,,0,0
P030,C041,0,,0,0
P030,C042,0,,0,0
P030,C043,0,,0,0
P030,C044,0,,0,0
P030,C045,0,,0,0
P030,C046,0,,0,0
P030,C047,1,3,3,3
P030,C048,1,2,4,4
P030,C049,0,,0,0
P030,C050,0,,0,0
P030,C051,0,,0,0
P030,C052,0,,0,0
P030,C053,0,,0,0
P030,C054,0,,0,0
P030,C055,0,,0,0
P030,C056,0,,0,0
P030,C057,0,,0,0
P030,C058,0,,0,0
P030,C059,0,,0,0
P031,C001,0,,0,0
P031,C002,0,,0,0
P031,C003,0,,0,0
P031,C004,0,,0,0
P031,C005,0,,0,0
P031,C006,0,,0,0
P031,C007,0,,0,0
P031,C008,0,,0,0
P031,C009,0,,0,0
P031,C010,0,,0,0
P031,C011,0,,0,0
P031,C012,0,,0,0
P031,C013,0,,0,0
P031,C014,0,,0,0
P031,C015,0,,0,0
P031,C016,0,,0,0
P031,C017,0,,0,0
P031,C018,0,,0,0
P031,C019,0,,0,0
P031,C020,0,,0,0
P031,C021,0,,0,0
P031,C022,0,,0,0
P031,C023,0,,0,0
P031,C024,0,,0,0
P031,C025,0,,0,0
P031,C026,0,,0,0
P031,C027,0,,0,0
P031,C028,0,,0,0
P031,C029,0,,0,0
P031,C030,0,,0,0
P031,C031,0,,0,0
P031,C032,0,,0,0
P031,C033,0,,0,0
P031,C034,0,,0,0
P031,C035,0,,0,0
P031,C036,0,,0,0
P031,C037,0,,0,0
P031,C038,0,,0,0
P031,C039,0,,0,0
P031,C040,0,,0,0
P031,C041,0,,0,0
P031,C042,0,,0,0
P031,C043,0,,0,0
P031,C044,0,,0,0
P031,C045,0,,0,0
P031,C046,0,,0,0
P031,C047,0,,0,0
P031,C048,0,,0,0
P031,C049,0,,0,0
P031,C050,0,,0,0
P031,C051,0,,0,0
P031,C052,0,,0,0
P031,C053,0,,0,0
P031,C054,1,3,3,3
P031,C055,0,,0,0
P031,C056,0,,0,0
P031,C057,1,3,3,3
P031,C058,0,,0,0
P031,C059,0,,0,0
P032,C001,1,3,3,3
P032,C002,1,3,3,3
P032,C003,1,3,3,3
P032,C004,1,3,3,3
P032,C005,1,3,3,3
P032,C006,1,3,3,3
P032,C007,1,3,3,3
P032,C008,1,3,3,3
P032,C009,1,3,3,3
P032,C010,1,3,3,3
P032,C011,1,3,3,3
P032,C012,1,3,3,3
P032,C013,1,3,3,3
P032,C014,1,3,3,3
P032,C015,1,3,3,3
P032,C016,1,3,3,3
P032,C017,1,3,3,3
P032,C018,1,3,3,3
P032,C019,1,3,3,3
P032,C020,1,3,3,3
P032,C021,0,,0,0
P032,C022,1,3,3,3
P032,C023,0,,0,0
P032,C024,0,,0,0
P032,C025,0,,0,0
P032,C026,0,,0,0
P032,C027,0,,0,0
P032,C028,0,,0,0
P032,C029,0,,0,0
P032,C030,0,,0,0
P032,C031,1,3,3,3
P032,C032,1,3,3,3
P032,C033,0,,0,0
P032,C034,0,,0,0
P032,C035,1,3,3,3
P032,C036,1,3,3,3
P032,C037,0,,0,0
P032,C038,0,,0,0
P032,C039,1,3,3,3
P032,C040,0,,0,0
P032,C041,0,,0,0
P032,C042,0,,0,0
P032,C043,0,,0,0
P032,C044,1,3,3,3
P032,C045,1,3,3,3
P032,C046,0,,0,0
P032,C047,1,3,3,3
P032,C048,1,3,3,3
P032,C049,1,3,3,3
P032,C050,0,,0,0
P032,C051,0,,0,0
P032,C052,0,,0,0
P032,C053,0,,0,0
P032,C054,0,,0,0
P032,C055,0,,0,0
P032,C056,0,,0,0
P032,C057,0,,0,0
P032,C058,0,,0,0
P032,C059,0,,0,0
P033,C001,1,3,3,3
P033,C002,0,,0,0
P033,C003,1,3,3,3
P033,C004,1,3,3,3
P033,C005,0,,0,0
P033,C006,0,,0,0
P033,C007,0,,0,0
P033,C008,0,,0,0
P033,C009,0,,0,0
P033,C010,0,,0,0
P033,C011,0,,0,0
P033,C012,0,,0,0
P033,C013,0,,0,0
P033,C014,0,,0,0
P033,C015,0,,0,0
P033,C016,0,,0,0
P033,C017,0,,0,0
P033,C018,0,,0,0
P033,C019,0,,0,0
P033,C020,0,,0,0
P033,C021,0,,0,0
P033,C022,0,,0,0
P033,C023,0,,0,0
P033,C024,0,,0,0
P033,C025,0,,0,0
P033,C026,0,,0,0
P033,C027,0,,0,0
P033,C028,0,,0,0
P033,C029,0,,0,0
P033,C030,0,,0,0
P033,C031,0,,0,0
P033,C032,0,,0,0
P033,C033,0,,0,0
P033,C034,0,,0,0
P033,C035,0,,0,0
P033,C036,0,,0,0
P033,C037,0,,0,0
P033,C038,0,,0,0
P033,C039,1,3,3,3
P033,C040,0,,0,0
P033,C041,0,,0,0
P033,C042,0,,0,0
P033,C043,0,,0,0
P033,C044,0,,0,0
P033,C045,0,,0,0
P033,C046,0,,0,0
P033,C047,1,3,3,3
P033,C048,1,2,4,4
P033,C049,0,,0,0
P033,C050,0,,0,0
P033,C051,0,,0,0
P033,C052,0,,0,0
P033,C053,0,,0,0
P033,C054,0,,0,0
P033,C055,0,,0,0
P033,C056,0,,0,0
P033,C057,0,,0,0
P033,C058,0,,0,0
P033,C059,0,,0,0
P034,C001,1,2,4,4
P034,C002,1,2,4,4
P034,C003,0,,0,0
P034,C004,0,,0,0
P034,C005,1,3,3,3
P034,C006,1,3,3,3
P034,C007,1,3,3,3
P034,C008,1,3,3,3
P034,C009,1,3,3,3
P034,C010,1,3,3,3
P034,C011,1,3,3,3
P034,C012,1,3,3,3
P034,C013,1,3,3,3
P034,C014,1,3,3,3
P034,C015,1,3,3,3
P034,C016,1,3,3,3
P034,C017,1,3,3,3
P034,C018,1,3,3,3
P034,C019,1,3,3,3
P034,C020,1,3,3,3
P034,C021,1,3,3,3
P034,C022,0,,0,0
P034,C023,0,,0,0
P034,C024,0,,0,0
P034,C025,0,,0,0
P034,C026,0,,0,0
P034,C027,0,,0,0
P034,C028,0,,0,0
P034,C029,1,3,3,3
P034,C030,1,3,3,3
P034,C031,0,,0,0
P034,C032,0,,0,0
P034,C033,0,,0,0
P034,C034,0,,0,0
P034,C035,0,,0,0
P034,C036,0,,0,0
P034,C037,0,,0,0
P034,C038,0,,0,0
P034,C039,0,,0,0
P034,C040,0,,0,0
P034,C041,0,,0,0
P034,C042,0,,0,0
P034,C043,0,,0,0
P034,C044,0,,0,0
P034,C045,0,,0,0
P034,C046,0,,0,0
P034,C047,0,,0,0
P034,C048,0,,0,0
P034,C049,0,,0,0
P034,C050,0,,0,0
P034,C051,0,,0,0
P034,C052,0,,0,0
P034,C053,0,,0,0
P034,C054,0,,0,0
P034,C055,0,,0,0
P034,C056,0,,0,0
P034,C057,0,,0,0
P034,C058,0,,0,0
P034,C059,0,,0,0
P035,C001,0,,0,0
P035,C002,0,,0,0
P035,C003,0,,0,0
P035,C004,0,,0,0
P035,C005,0,,0,0
P035,C006,0,,0,0
P035,C007,0,,0,0
P035,C008,0,,0,0
P035,C009,0,,0,0
P035,C010,0,,0,0
P035,C011,0,,0,0
P035,C012,0,,0,0
P035,C013,0,,0,0
P035,C014,0,,0,0
P035,C015,0,,0,0
P035,C016,0,,0,0
P035,C017,0,,0,0
P035,C018,0,,0,0
P035,C019,0,,0,0
P035,C020,0,,0,0
P035,C021,0,,0,0
P035,C022,0,,0,0
P035,C023,0,,0,0
P035,C024,0,,0,0
P035,C025,0,,0,0
P035,C026,0,,0,0
P035,C027,0,,0,0
P035,C028,1,3,3,3
P035,C029,0,,0,0
P035,C030,0,,0,0
P035,C031,0,,0,0
P035,C032,0,,0,0
P035,C033,0,,0,0
P035,C034,1,3,3,3
P035,C035,0,,0,0
P035,C036,0,,0,0
P035,C037,0,,0,0
P035,C038,0,,0,0
P035,C039,0,,0,0
P035,C040,0,,0,0
P035,C041,0,,0,0
P035,C042,0,,0,0
P035,C043,0,,0,0
P035,C044,0,,0,0
P035,C045,0,,0,0
P035,C046,0,,0,0
P035,C047,0,,0,0
P035,C048,0,,0,0
P035,C049,0,,0,0
P035,C050,0,,0,0
P035,C051,0,,0,0
P035,C052,0,,0,0
P035,C053,0,,0,0
P035,C054,1,3,3,3
P035,C055,0,,0,0
P035,C056,0,,0,0
P035,C057,1,3,3,3
P035,C058,0,,0,0
P035,C059,0,,0,0
P036,C001,0,,0,0
P036,C002,0,,0,0
P036,C003,0,,0,0
P036,C004,0,,0,0
P036,C005,0,,0,0
P036,C006,0,,0,0
P036,C007,0,,0,0
P036,C008,0,,0,0
P036,C009,0,,0,0
P036,C010,0,,0,0
P036,C011,0,,0,0
P036,C012,0,,0,0
P036,C013,0,,0,0
P036,C014,0,,0,0
P036,C015,0,,0,0
P036,C016,0,,0,0
P036,C017,0,,0,0
P036,C018,0,,0,0
P036,C019,0,,0,0
P036,C020,0,,0,0
P036,C021,0,,0,0
P036,C022,0,,0,0
P036,C023,0,,0,0
P036,C024,0,,0,0
P036,C025,0,,0,0
P036,C026,0,,0,0
P036,C027,0,,0,0
P036,C028,0,,0,0
P036,C029,0,,0,0
P036,C030,0,,0,0
P036,C031,0,,0,0
P036,C032,0,,0,0
P036,C033,0,,0,0
P036,C034,0,,0,0
P036,C035,0,,0,0
P036,C036,0,,0,0
P036,C037,0,,0,0
P036,C038,0,,0,0
P036,C039,0,,0,0
P036,C040,0,,0,0
P036,C041,0,,0,0
P036,C042,0,,0,0
P036,C043,0,,0,0
P036,C044,0,,0,0
P036,C045,0,,0,0
P036,C046,0,,0,0
P036,C047,0,,0,0
P036,C048,0,,0,0
P036,C049,0,,0,0
P036,C050,0,,0,0
P036,C051,0,,0,0
P036,C052,0,,0,0
P036,C053,0,,0,0
P036,C054,0,,0,0
P036,C055,0,,0,0
P036,C056,0,,0,0
P036,C057,0,,0,0
P036,C058,0,,0,0
P036,C059,0,,0,0
P037,C001,0,,0,0
P037,C002,0,,0,0
P037,C003,0,,0,0
P037,C004,0,,0,0
P037,C005,0,,0,0
P037,C006,0,,0,0
P037,C007,0,,0,0
P037,C008,0,,0,0
P037,C009,0,,0,0
P037,C010,0,,0,0
P037,C011,0,,0,0
P037,C012,0,,0,0
P037,C013,0,,0,0
P037,C014,0,,0,0
P037,C015,0,,0,0
P037,C016,0,,0,0
P037,C017,0,,0,0
P037,C018,0,,0,0
P037,C019,0,,0,0
P037,C020,0,,0,0
P037,C021,0,,0,0
P037,C022,1,3,3,3
P037,C023,0,,0,0
P037,C024,0,,0,0
P037,C025,0,,0,0
P037,C026,0,,0,0
P037,C027,0,,0,0
P037,C028,0,,0,0
P037,C029,0,,0,0
P037,C030,0,,0,0
P037,C031,0,,0,0
P037,C032,0,,0,0
P037,C033,0,,0,0
P037,C034,1,3,3,3
P037,C035,1,3,3,3
P037,C036,0,,0,0
P037,C037,1,3,3,3
P037,C038,0,,0,0
P037,C039,0,,0,0
P037,C040,0,,0,0
P037,C041,0,,0,0
P037,C042,1,3,3,3
P037,C043,0,,0,0
P037,C044,0,,0,0
P037,C045,0,,0,0
P037,C046,1,3,3,3
P037,C047,0,,0,0
P037,C048,0,,0,0
P037,C049,0,,0,0
P037,C050,1,3,3,3
P037,C051,0,,0,0
P037,C052,1,3,3,3
P037,C053,0,,0,0
P037,C054,0,,0,0
P037,C055,0,,0,0
P037,C056,0,,0,0
P037,C057,0,,0,0
P037,C058,1,3,3,3
P037,C059,1,3,3,3
P038,C001,0,,0,0
P038,C002,0,,0,0
P038,C003,0,,0,0
P038,C004,0,,0,0
P038,C005,1,3,3,3
P038,C006,0,,0,0
P038,C007,0,,0,0
P038,C008,0,,0,0
P038,C009,0,,0,0
P038,C010,0,,0,0
P038,C011,0,,0,0
P038,C012,0,,0,0
P038,C013,0,,0,0
P038,C014,0,,0,0
P038,C015,0,,0,0
P038,C016,0,,0,0
P038,C017,0,,0,0
P038,C018,0,,0,0
P038,C019,0,,0,0
P038,C020,0,,0,0
P038,C021,0,,0,0
P038,C022,0,,0,0
P038,C023,0,,0,0
P038,C024,0,,0,0
P038,C025,0,,0,0
P038,C026,0,,0,0
P038,C027,0,,0,0
P038,C028,0,,0,0
P038,C029,0,,0,0
P038,C030,0,,0,0
P038,C031,0,,0,0
P038,C032,0,,0,0
P038,C033,0,,0,0
P038,C034,0,,0,0
P038,C035,0,,0,0
P038,C036,1,3,3,3
P038,C037,0,,0,0
P038,C038,0,,0,0
P038,C039,0,,0,0
P038,C040,1,3,3,3
P038,C041,0,,0,0
P038,C042,0,,0,0
P038,C043,0,,0,0
P038,C044,0,,0,0
P038,C045,0,,0,0
P038,C046,0,,0,0
P038,C047,0,,0,0
P038,C048,0,,0,0
P038,C049,1,3,3,3
P038,C050,0,,0,0
P038,C051,0,,0,0
P038,C052,0,,0,0
P038,C053,0,,0,0
P038,C054,0,,0,0
P038,C055,0,,0,0
P038,C056,0,,0,0
P038,C057,0,,0,0
P038,C058,0,,0,0
P038,C059,0,,0,0
P039,C001,0,,0,0
P039,C002,0,,0,0
P039,C003,0,,0,0
P039,C004,0,,0,0
P039,C005,0,,0,0
P039,C006,0,,0,0
P039,C007,0,,0,0
P039,C008,0,,0,0
P039,C009,0,,0,0
P039,C010,0,,0,0
P039,C011,0,,0,0
P039,C012,0,,0,0
P039,C013,0,,0,0
P039,C014,0,,0,0
P039,C015,0,,0,0
P039,C016,0,,0,0
P039,C017,0,,0,0
P039,C018,0,,0,0
P039,C019,0,,0,0
P039,C020,0,,0,0
P039,C021,0,,0,0
P039,C022,0,,0,0
P039,C023,0,,0,0
P039,C024,0,,0,0
P039,C025,0,,0,0
P039,C026,0,,0,0
P039,C027,0,,0,0
P039,C028,0,,0,0
P039,C029,0,,0,0
P039,C030,0,,0,0
P039,C031,0,,0,0
P039,C032,0,,0,0
P039,C033,0,,0,0
P039,C034,0,,0,0
P039,C035,0,,0,0
P039,C036,0,,0,0
P039,C037,0,,0,0
P039,C038,0,,0,0
P039,C039,0,,0,0
P039,C040,0,,0,0
P039,C041,0,,0,0
P039,C042,0,,0,0
P039,C043,1,3,3,3
P039,C044,0,,0,0
P039,C045,0,,0,0
P039,C046,0,,0,0
P039,C047,0,,0,0
P039,C048,0,,0,0
P039,C049,0,,0,0
P039,C050,0,,0,0
P039,C051,0,,0,0
P039,C052,0,,0,0
P039,C053,1,3,3,3
P039,C054,0,,0,0
P039,C055,0,,0,0
P039,C056,0,,0,0
P039,C057,0,,0,0
P039,C058,0,,0,0
P039,C059,0,,0,0
P040,C001,1,3,3,3
P040,C002,0,,0,0
P040,C003,1,3,3,3
P040,C004,1,3,3,3
P040,C005,0,,0,0
P040,C006,0,,0,0
P040,C007,0,,0,0
P040,C008,0,,0,0
P040,C009,0,,0,0
P040,C010,0,,0,0
P040,C011,0,,0,0
P040,C012,0,,0,0
P040,C013,0,,0,0
P040,C014,0,,0,0
P040,C015,0,,0,0
P040,C016,0,,0,0
P040,C017,0,,0,0
P040,C018,0,,0,0
P040,C019,0,,0,0
P040,C020,0,,0,0
P040,C021,0,,0,0
P040,C022,1,2,4,4
P040,C023,0,,0,0
P040,C024,0,,0,0
P040,C025,0,,0,0
P040,C026,0,,0,0
P040,C027,0,,0,0
P040,C028,0,,0,0
P040,C029,0,,0,0
P040,C030,0,,0,0
P040,C031,1,2,4,4
P040,C032,1,2,4,4
P040,C033,0,,0,0
P040,C034,0,,0,0
P040,C035,1,2,4,4
P040,C036,1,3,3,3
P040,C037,0,,0,0
P040,C038,0,,0,0
P040,C039,1,2,4,4
P040,C040,0,,0,0
P040,C041,0,,0,0
P040,C042,0,,0,0
P040,C043,0,,0,0
P040,C044,0,,0,0
P040,C045,1,3,3,3
P040,C046,0,,0,0
P040,C047,1,2,4,4
P040,C048,1,3,3,3
P040,C049,1,3,3,3
P040,C050,0,,0,0
P040,C051,0,,0,0
P040,C052,0,,0,0
P040,C053,0,,0,0
P040,C054,0,,0,0
P040,C055,0,,0,0
P040,C056,0,,0,0
P040,C057,0,,0,0
P040,C058,0,,0,0
P040,C059,0,,0,0
P041,C001,0,,0,0
P041,C002,0,,0,0
P041,C003,0,,0,0
P041,C004,0,,0,0
P041,C005,0,,0,0
P041,C006,0,,0,0
P041,C007,0,,0,0
P041,C008,0,,0,0
P041,C009,0,,0,0
P041,C010,0,,0,0
P041,C011,0,,0,0
P041,C012,0,,0,0
P041,C013,0,,0,0
P041,C014,0,,0,0
P041,C015,0,,0,0
P041,C016,0,,0,0
P041,C017,0,,0,0
P041,C018,0,,0,0
P041,C019,0,,0,0
P041,C020,0,,0,0
P041,C021,0,,0,0
P041,C022,0,,0,0
P041,C023,0,,0,0
P041,C024,0,,0,0
P041,C025,0,,0,0
P041,C026,0,,0,0
P041,C027,0,,0,0
P041,C028,1,2,4,4
P041,C029,1,3,3,3
P041,C030,1,3,3,3
P041,C031,0,,0,0
P041,C032,0,,0,0
P041,C033,1,2,4,4
P041,C034,1,2,4,4
P041,C035,0,,0,0
P041,C036,0,,0,0
P041,C037,0,,0,0
P041,C038,0,,0,0
P041,C039,0,,0,0
P041,C040,0,,0,0
P041,C041,1,2,4,4
P041,C042,1,3,3,3
P041,C043,0,,0,0
P041,C044,0,,0,0
P041,C045,0,,0,0
P041,C046,0,,0,0
P041,C047,0,,0,0
P041,C048,0,,0,0
P041,C049,0,,0,0
P041,C050,1,3,3,3
P041,C051,1,2,4,4
P041,C052,1,3,3,3
P041,C053,0,,0,0
P041,C054,0,,0,0
P041,C055,0,,0,0
P041,C056,0,,0,0
P041,C057,1,3,3,3
P041,C058,0,,0,0
P041,C059,0,,0,0
P042,C001,0,,0,0
P042,C002,0,,0,0
P042,C003,0,,0,0
P042,C004,0,,0,0
P042,C005,0,,0,0
P042,C006,0,,0,0
P042,C007,0,,0,0
P042,C008,0,,0,0
P042,C009,0,,0,0
P042,C010,0,,0,0
P042,C011,0,,0,0
P042,C012,0,,0,0
P042,C013,0,,0,0
P042,C014,0,,0,0
P042,C015,0,,0,0
P042,C016,0,,0,0
P042,C017,0,,0,0
P042,C018,0,,0,0
P042,C019,0,,0,0
P042,C020,0,,0,0
P042,C021,0,,0,0
P042,C022,1,2,4,4
P042,C023,1,3,3,3
P042,C024,1,3,3,3
P042,C025,1,3,3,3
P042,C026,1,3,3,3
P042,C027,1,3,3,3
P042,C028,1,2,4,4
P042,C029,1,3,3,3
P042,C030,1,3,3,3
P042,C031,1,3,3,3
P042,C032,1,3,3,3
P042,C033,1,3,3,3
P042,C034,1,2,4,4
P042,C035,1,2,4,4
P042,C036,1,3,3,3
P042,C037,1,3,3,3
P042,C038,0,,0,0
P042,C039,0,,0,0
P042,C040,0,,0,0
P042,C041,1,3,3,3
P042,C042,1,3,3,3
P042,C043,0,,0,0
P042,C044,0,,0,0
P042,C045,1,3,3,3
P042,C046,1,3,3,3
P042,C047,0,,0,0
P042,C048,0,,0,0
P042,C049,1,3,3,3
P042,C050,1,2,4,4
P042,C051,1,3,3,3
P042,C052,1,3,3,3
P042,C053,0,,0,0
P042,C054,0,,0,0
P042,C055,0,,0,0
P042,C056,0,,0,0
P042,C057,1,3,3,3
P042,C058,0,,0,0
P042,C059,1,3,3,3
P043,C001,1,3,3,3
P043,C002,1,3,3,3
P043,C003,1,3,3,3
P043,C004,1,3,3,3
P043,C005,1,3,3,3
P043,C006,1,3,3,3
P043,C007,1,3,3,3
P043,C008,1,3,3,3
P043,C009,1,3,3,3
P043,C010,1,3,3,3
P043,C011,1,3,3,3
P043,C012,1,3,3,3
P043,C013,1,3,3,3
P043,C014,1,3,3,3
P043,C015,1,3,3,3
P043,C016,1,3,3,3
P043,C017,1,3,3,3
P043,C018,1,3,3,3
P043,C019,1,3,3,3
P043,C020,1,3,3,3
P043,C021,0,,0,0
P043,C022,0,,0,0
P043,C023,0,,0,0
P043,C024,0,,0,0
P043,C025,0,,0,0
P043,C026,0,,0,0
P043,C027,0,,0,0
P043,C028,0,,0,0
P043,C029,1,3,3,3
P043,C030,1,3,3,3
P043,C031,1,3,3,3
P043,C032,1,3,3,3
P043,C033,0,,0,0
P043,C034,0,,0,0
P043,C035,1,3,3,3
P043,C036,0,,0,0
P043,C037,0,,0,0
P043,C038,0,,0,0
P043,C039,0,,0,0
P043,C040,0,,0,0
P043,C041,0,,0,0
P043,C042,0,,0,0
P043,C043,1,2,4,4
P043,C044,1,2,4,4
P043,C045,0,,0,0
P043,C046,0,,0,0
P043,C047,0,,0,0
P043,C048,0,,0,0
P043,C049,0,,0,0
P043,C050,0,,0,0
P043,C051,0,,0,0
P043,C052,0,,0,0
P043,C053,1,2,4,4
P043,C054,1,3,3,3
P043,C055,1,3,3,3
P043,C056,0,,0,0
P043,C057,0,,0,0
P043,C058,0,,0,0
P043,C059,0,,0,0
P044,C001,0,,0,0
P044,C002,0,,0,0
P044,C003,0,,0,0
P044,C004,0,,0,0
P044,C005,0,,0,0
P044,C006,0,,0,0
P044,C007,0,,0,0
P044,C008,0,,0,0
P044,C009,0,,0,0
P044,C010,0,,0,0
P044,C011,0,,0,0
P044,C012,0,,0,0
P044,C013,0,,0,0
P044,C014,0,,0,0
P044,C015,0,,0,0
P044,C016,0,,0,0
P044,C017,0,,0,0
P044,C018,0,,0,0
P044,C019,0,,0,0
P044,C020,0,,0,0
P044,C021,0,,0,0
P044,C022,1,3,3,3
P044,C023,0,,0,0
P044,C024,0,,0,0
P044,C025,0,,0,0
P044,C026,0,,0,0
P044,C027,0,,0,0
P044,C028,0,,0,0
P044,C029,0,,0,0
P044,C030,0,,0,0
P044,C031,0,,0,0
P044,C032,0,,0,0
P044,C033,0,,0,0
P044,C034,1,3,3,3
P044,C035,1,3,3,3
P044,C036,0,,0,0
P044,C037,1,3,3,3
P044,C038,0,,0,0
P044,C039,0,,0,0
P044,C040,0,,0,0
P044,C041,0,,0,0
P044,C042,1,3,3,3
P044,C043,0,,0,0
P044,C044,0,,0,0
P044,C045,0,,0,0
P044,C046,1,3,3,3
P044,C047,0,,0,0
P044,C048,0,,0,0
P044,C049,0,,0,0
P044,C050,1,3,3,3
P044,C051,0,,0,0
P044,C052,1,3,3,3
P044,C053,0,,0,0
P044,C054,0,,0,0
P044,C055,0,,0,0
P044,C056,0,,0,0
P044,C057,0,,0,0
P044,C058,0,,0,0
P044,C059,1,3,3,3
P045,C001,0,,0,0
P045,C002,0,,0,0
P045,C003,0,,0,0
P045,C004,0,,0,0
P045,C005,1,3,3,3
P045,C006,0,,0,0
P045,C007,0,,0,0
P045,C008,0,,0,0
P045,C009,0,,0,0
P045,C010,0,,0,0
P045,C011,0,,0,0
P045,C012,0,,0,0
P045,C013,0,,0,0
P045,C014,0,,0,0
P045,C015,0,,0,0
P045,C016,0,,0,0
P045,C017,0,,0,0
P045,C018,0,,0,0
P045,C019,0,,0,0
P045,C020,0,,0,0
P045,C021,0,,0,0
P045,C022,0,,0,0
P045,C023,0,,0,0
P045,C024,0,,0,0
P045,C025,0,,0,0
P045,C026,0,,0,0
P045,C027,0,,0,0
P045,C028,0,,0,0
P045,C029,0,,0,0
P045,C030,0,,0,0
P045,C031,0,,0,0
P045,C032,0,,0,0
P045,C033,0,,0,0
P045,C034,0,,0,0
P045,C035,0,,0,0
P045,C036,1,3,3,3
P045,C037,0,,0,0
P045,C038,0,,0,0
P045,C039,0,,0,0
P045,C040,1,3,3,3
P045,C041,0,,0,0
P045,C042,0,,0,0
P045,C043,0,,0,0
P045,C044,0,,0,0
P045,C045,0,,0,0
P045,C046,0,,0,0
P045,C047,0,,0,0
P045,C048,0,,0,0
P045,C049,1,3,3,3
P045,C050,0,,0,0
P045,C051,0,,0,0
P045,C052,0,,0,0
P045,C053,0,,0,0
P045,C054,0,,0,0
P045,C055,0,,0,0
P045,C056,0,,0,0
P045,C057,0,,0,0
P045,C058,0,,0,0
P045,C059,0,,0,0
P046,C001,0,,0,0
P046,C002,0,,0,0
P046,C003,0,,0,0
P046,C004,0,,0,0
P046,C005,0,,0,0
P046,C006,0,,0,0
P046,C007,0,,0,0
P046,C008,0,,0,0
P046,C009,0,,0,0
P046,C010,0,,0,0
P046,C011,0,,0,0
P046,C012,0,,0,0
P046,C013,0,,0,0
P046,C014,0,,0,0
P046,C015,0,,0,0
P046,C016,0,,0,0
P046,C017,0,,0,0
P046,C018,0,,0,0
P046,C019,0,,0,0
P046,C020,0,,0,0
P046,C021,0,,0,0
P046,C022,0,,0,0
P046,C023,0,,0,0
P046,C024,0,,0,0
P046,C025,0,,0,0
P046,C026,0,,0,0
P046,C027,0,,0,0
P046,C028,1,2,4,4
P046,C029,1,3,3,3
P046,C030,1,3,3,3
P046,C031,0,,0,0
P046,C032,0,,0,0
P046,C033,1,3,3,3
P046,C034,1,2,4,4
P046,C035,0,,0,0
P046,C036,0,,0,0
P046,C037,0,,0,0
P046,C038,0,,0,0
P046,C039,0,,0,0
P046,C040,0,,0,0
P046,C041,1,3,3,3
P046,C042,1,3,3,3
P046,C043,0,,0,0
P046,C044,0,,0,0
P046,C045,0,,0,0
P046,C046,0,,0,0
P046,C047,0,,0,0
P046,C048,0,,0,0
P046,C049,0,,0,0
P046,C050,1,3,3,3
P046,C051,1,3,3,3
P046,C052,1,3,3,3
P046,C053,0,,0,0
P046,C054,0,,0,0
P046,C055,0,,0,0
P046,C056,0,,0,0
P046,C057,1,3,3,3
P046,C058,0,,0,0
P046,C059,0,,0,0
P047,C001,0,,0,0
P047,C002,0,,0,0
P047,C003,0,,0,0
P047,C004,0,,0,0
P047,C005,0,,0,0
P047,C006,0,,0,0
P047,C007,0,,0,0
P047,C008,0,,0,0
P047,C009,0,,0,0
P047,C010,0,,0,0
P047,C011,0,,0,0
P047,C012,0,,0,0
P047,C013,0,,0,0
P047,C014,0,,0,0
P047,C015,0,,0,0
P047,C016,0,,0,0
P047,C017,0,,0,0
P047,C018,0,,0,0
P047,C019,0,,0,0
P047,C020,0,,0,0
P047,C021,0,,0,0
P047,C022,0,,0,0
P047,C023,0,,0,0
P047,C024,0,,0,0
P047,C025,0,,0,0
P047,C026,0,,0,0
P047,C027,0,,0,0
P047,C028,1,3,3,3
P047,C029,0,,0,0
P047,C030,0,,0,0
P047,C031,0,,0,0
P047,C032,0,,0,0
P047,C033,0,,0,0
P047,C034,1,3,3,3
P047,C035,0,,0,0
P047,C036,0,,0,0
P047,C037,0,,0,0
P047,C038,0,,0,0
P047,C039,0,,0,0
P047,C040,0,,0,0
P047,C041,0,,0,0
P047,C042,0,,0,0
P047,C043,0,,0,0
P047,C044,0,,0,0
P047,C045,0,,0,0
P047,C046,0,,0,0
P047,C047,0,,0,0
P047,C048,0,,0,0
P047,C049,0,,0,0
P047,C050,0,,0,0
P047,C051,0,,0,0
P047,C052,0,,0,0
P047,C053,0,,0,0
P047,C054,0,,0,0
P047,C055,0,,0,0
P047,C056,0,,0,0
P047,C057,1,2,4,4
P047,C058,0,,0,0
P047,C059,0,,0,0
P048,C001,0,,0,0
P048,C002,0,,0,0
P048,C003,0,,0,0
P048,C004,0,,0,0
P048,C005,1,3,3,3
P048,C006,0,,0,0
P048,C007,0,,0,0
P048,C008,0,,0,0
P048,C009,0,,0,0
P048,C010,0,,0,0
P048,C011,0,,0,0
P048,C012,0,,0,0
P048,C013,0,,0,0
P048,C014,0,,0,0
P048,C015,0,,0,0
P048,C016,0,,0,0
P048,C017,0,,0,0
P048,C018,0,,0,0
P048,C019,0,,0,0
P048,C020,0,,0,0
P048,C021,0,,0,0
P048,C022,0,,0,0
P048,C023,0,,0,0
P048,C024,0,,0,0
P048,C025,0,,0,0
P048,C026,0,,0,0
P048,C027,0,,0,0
P048,C028,0,,0,0
P048,C029,0,,0,0
P048,C030,0,,0,0
P048,C031,0,,0,0
P048,C032,0,,0,0
P048,C033,0,,0,0
P048,C034,0,,0,0
P048,C035,0,,0,0
P048,C036,1,3,3,3
P048,C037,0,,0,0
P048,C038,0,,0,0
P048,C039,0,,0,0
P048,C040,1,3,3,3
P048,C041,0,,0,0
P048,C042,0,,0,0
P048,C043,0,,0,0
P048,C044,0,,0,0
P048,C045,0,,0,0
P048,C046,0,,0,0
P048,C047,1,3,3,3
P048,C048,0,,0,0
P048,C049,1,3,3,3
P048,C050,0,,0,0
P048,C051,0,,0,0
P048,C052,0,,0,0
P048,C053,0,,0,0
P048,C054,0,,0,0
P048,C055,0,,0,0
P048,C056,0,,0,0
P048,C057,0,,0,0
P048,C058,0,,0,0
P048,C059,0,,0,0
P049,C001,0,,0,0
P049,C002,0,,0,0
P049,C003,0,,0,0
P049,C004,0,,0,0
P049,C005,0,,0,0
P049,C006,0,,0,0
P049,C007,0,,0,0
P049,C008,0,,0,0
P049,C009,0,,0,0
P049,C010,0,,0,0
P049,C011,0,,0,0
P049,C012,0,,0,0
P049,C013,0,,0,0
P049,C014,0,,0,0
P049,C015,0,,0,0
P049,C016,0,,0,0
P049,C017,0,,0,0
P049,C018,0,,0,0
P049,C019,0,,0,0
P049,C020,0,,0,0
P049,C021,0,,0,0
P049,C022,1,3,3,3
P049,C023,0,,0,0
P049,C024,0,,0,0
P049,C025,0,,0,0
P049,C026,0,,0,0
P049,C027,0,,0,0
P049,C028,0,,0,0
P049,C029,0,,0,0
P049,C030,0,,0,0
P049,C031,1,3,3,3
P049,C032,1,3,3,3
P049,C033,0,,0,0
P049,C034,0,,0,0
P049,C035,1,3,3,3
P049,C036,0,,0,0
P049,C037,0,,0,0
P049,C038,0,,0,0
P049,C039,1,3,3,3
P049,C040,0,,0,0
P049,C041,0,,0,0
P049,C042,0,,0,0
P049,C043,0,,0,0
P049,C044,0,,0,0
P049,C045,0,,0,0
P049,C046,0,,0,0
P049,C047,1,3,3,3
P049,C048,0,,0,0
P049,C049,0,,0,0
P049,C050,0,,0,0
P049,C051,0,,0,0
P049,C052,0,,0,0
P049,C053,0,,0,0
P049,C054,0,,0,0
P049,C055,0,,0,0
P049,C056,0,,0,0
P049,C057,0,,0,0
P049,C058,0,,0,0
P049,C059,0,,0,0
P050,C001,0,,0,0
P050,C002,0,,0,0
P050,C003,0,,0,0
P050,C004,0,,0,0
P050,C005,0,,0,0
P050,C006,0,,0,0
P050,C007,0,,0,0
P050,C008,0,,0,0
P050,C009,0,,0,0
P050,C010,0,,0,0
P050,C011,0,,0,0
P050,C012,0,,0,0
P050,C013,0,,0,0
P050,C014,0,,0,0
P050,C015,0,,0,0
P050,C016,0,,0,0
P050,C017,0,,0,0
P050,C018,0,,0,0
P050,C019,0,,0,0
P050,C020,0,,0,0
P050,C021,0,,0,0
P050,C022,0,,0,0
P050,C023,0,,0,0
P050,C024,0,,0,0
P050,C025,0,,0,0
P050,C026,0,,0,0
P050,C027,0,,0,0
P050,C028,1,2,4,4
P050,C029,1,3,3,3
P050,C030,1,3,3,3
P050,C031,0,,0,0
P050,C032,0,,0,0
P050,C033,1,3,3,3
P050,C034,1,2,4,4
P050,C035,0,,0,0
P050,C036,0,,0,0
P050,C037,0,,0,0
P050,C038,0,,0,0
P050,C039,0,,0,0
P050,C040,0,,0,0
P050,C041,1,3,3,3
P050,C042,1,3,3,3
P050,C043,0,,0,0
P050,C044,0,,0,0
P050,C045,0,,0,0
P050,C046,0,,0,0
P050,C047,0,,0,0
P050,C048,0,,0,0
P050,C049,0,,0,0
P050,C050,1,3,3,3
P050,C051,1,3,3,3
P050,C052,1,3,3,3
P050,C053,0,,0,0
P050,C054,0,,0,0
P050,C055,0,,0,0
P050,C056,0,,0,0
P050,C057,1,3,3,3
P050,C058,0,,0,0
P050,C059,0,,0,0
P051,C001,0,,0,0
P051,C002,0,,0,0
P051,C003,0,,0,0
P051,C004,0,,0,0
P051,C005,0,,0,0
P051,C006,0,,0,0
P051,C007,0,,0,0
P051,C008,0,,0,0
P051,C009,0,,0,0
P051,C010,0,,0,0
P051,C011,0,,0,0
P051,C012,0,,0,0
P051,C013,0,,0,0
P051,C014,0,,0,0
P051,C015,0,,0,0
P051,C016,0,,0,0
P051,C017,0,,0,0
P051,C018,0,,0,0
P051,C019,0,,0,0
P051,C020,0,,0,0
P051,C021,0,,0,0
P051,C022,0,,0,0
P051,C023,0,,0,0
P051,C024,0,,0,0
P051,C025,0,,0,0
P051,C026,0,,0,0
P051,C027,0,,0,0
P051,C028,1,3,3,3
P051,C029,0,,0,0
P051,C030,0,,0,0
P051,C031,0,,0,0
P051,C032,0,,0,0
P051,C033,0,,0,0
P051,C034,1,3,3,3
P051,C035,0,,0,0
P051,C036,0,,0,0
P051,C037,0,,0,0
P051,C038,0,,0,0
P051,C039,0,,0,0
P051,C040,0,,0,0
P051,C041,0,,0,0
P051,C042,0,,0,0
P051,C043,0,,0,0
P051,C044,0,,0,0
P051,C045,0,,0,0
P051,C046,0,,0,0
P051,C047,0,,0,0
P051,C048,0,,0,0
P051,C049,0,,0,0
P051,C050,0,,0,0
P051,C051,0,,0,0
P051,C052,0,,0,0
P051,C053,0,,0,0
P051,C054,1,3,3,3
P051,C055,0,,0,0
P051,C056,0,,0,0
P051,C057,1,3,3,3
P051,C058,0,,0,0
P051,C059,0,,0,0
P052,C001,1,3,3,3
P052,C002,0,,0,0
P052,C003,1,3,3,3
P052,C004,1,3,3,3
P052,C005,0,,0,0
P052,C006,0,,0,0
P052,C007,0,,0,0
P052,C008,0,,0,0
P052,C009,0,,0,0
P052,C010,0,,0,0
P052,C011,0,,0,0
P052,C012,0,,0,0
P052,C013,0,,0,0
P052,C014,0,,0,0
P052,C015,0,,0,0
P052,C016,0,,0,0
P052,C017,0,,0,0
P052,C018,0,,0,0
P052,C019,0,,0,0
P052,C020,0,,0,0
P052,C021,0,,0,0
P052,C022,0,,0,0
P052,C023,0,,0,0
P052,C024,0,,0,0
P052,C025,0,,0,0
P052,C026,0,,0,0
P052,C027,0,,0,0
P052,C028,0,,0,0
P052,C029,0,,0,0
P052,C030,0,,0,0
P052,C031,0,,0,0
P052,C032,0,,0,0
P052,C033,0,,0,0
P052,C034,0,,0,0
P052,C035,0,,0,0
P052,C036,0,,0,0
P052,C037,0,,0,0
P052,C038,0,,0,0
P052,C039,1,3,3,3
P052,C040,0,,0,0
P052,C041,0,,0,0
P052,C042,0,,0,0
P052,C043,0,,0,0
P052,C044,0,,0,0
P052,C045,0,,0,0
P052,C046,0,,0,0
P052,C047,1,3,3,3
P052,C048,1,3,3,3
P052,C049,0,,0,0
P052,C050,0,,0,0
P052,C051,0,,0,0
P052,C052,0,,0,0
P052,C053,0,,0,0
P052,C054,0,,0,0
P052,C055,0,,0,0
P052,C056,0,,0,0
P052,C057,0,,0,0
P052,C058,0,,0,0
P052,C059,0,,0,0
P053,C001,0,,0,0
P053,C002,0,,0,0
P053,C003,0,,0,0
P053,C004,0,,0,0
P053,C005,0,,0,0
P053,C006,0,,0,0
P053,C007,0,,0,0
P053,C008,0,,0,0
P053,C009,0,,0,0
P053,C010,0,,0,0
P053,C011,0,,0,0
P053,C012,0,,0,0
P053,C013,0,,0,0
P053,C014,0,,0,0
P053,C015,0,,0,0
P053,C016,0,,0,0
P053,C017,0,,0,0
P053,C018,0,,0,0
P053,C019,0,,0,0
P053,C020,0,,0,0
P053,C021,0,,0,0
P053,C022,0,,0,0
P053,C023,0,,0,0
P053,C024,0,,0,0
P053,C025,0,,0,0
P053,C026,0,,0,0
P053,C027,0,,0,0
P053,C028,1,3,3,3
P053,C029,0,,0,0
P053,C030,0,,0,0
P053,C031,0,,0,0
P053,C032,0,,0,0
P053,C033,0,,0,0
P053,C034,1,3,3,3
P053,C035,0,,0,0
P053,C036,0,,0,0
P053,C037,0,,0,0
P053,C038,0,,0,0
P053,C039,0,,0,0
P053,C040,0,,0,0
P053,C041,0,,0,0
P053,C042,0,,0,0
P053,C043,0,,0,0
P053,C044,0,,0,0
P053,C045,0,,0,0
P053,C046,0,,0,0
P053,C047,0,,0,0
P053,C048,0,,0,0
P053,C049,0,,0,0
P053,C050,0,,0,0
P053,C051,0,,0,0
P053,C052,0,,0,0
P053,C053,0,,0,0
P053,C054,1,3,3,3
P053,C055,0,,0,0
P053,C056,0,,0,0
P053,C057,1,3,3,3
P053,C058,0,,0,0
P053,C059,0,,0,0
P054,C001,1,2,4,4
P054,C002,1,2,4,4
P054,C003,1,3,3,3
P054,C004,1,3,3,3
P054,C005,1,2,4,4
P054,C006,1,1,5,5
P054,C007,1,1,5,5
P054,C008,1,2,4,4
P054,C009,1,2,4,4
P054,C010,1,2,4,4
P054,C011,1,2,4,4
P054,C012,1,2,4,4
P054,C013,1,2,4,4
P054,C014,1,2,4,4
P054,C015,1,2,4,4
P054,C016,1,2,4,4
P054,C017,1,2,4,4
P054,C018,1,2,4,4
P054,C019,1,2,4,4
P054,C020,1,2,4,4
P054,C021,1,3,3,3
P054,C022,1,3,3,3
P054,C023,1,3,3,3
P054,C024,1,3,3,3
P054,C025,1,3,3,3
P054,C026,1,3,3,3
P054,C027,1,3,3,3
P054,C028,1,3,3,3
P054,C029,1,3,3,3
P054,C030,1,3,3,3
P054,C031,1,3,3,3
P054,C032,1,3,3,3
P054,C033,1,3,3,3
P054,C034,1,3,3,3
P054,C035,1,3,3,3
P054,C036,1,3,3,3
P054,C037,1,3,3,3
P054,C038,1,3,3,3
P054,C039,0,,0,0
P054,C040,0,,0,0
P054,C041,0,,0,0
P054,C042,0,,0,0
P054,C043,0,,0,0
P054,C044,1,3,3,3
P054,C045,0,,0,0
P054,C046,0,,0,0
P054,C047,0,,0,0
P054,C048,0,,0,0
P054,C049,0,,0,0
P054,C050,0,,0,0
P054,C051,0,,0,0
P054,C052,0,,0,0
P054,C053,0,,0,0
P054,C054,0,,0,0
P054,C055,0,,0,0
P054,C056,1,3,3,3
P054,C057,0,,0,0
P054,C058,0,,0,0
P054,C059,0,,0,0
