professor_id,course_id,timeslot_id,room_id,total_score
P001,C001,T_MWF_0830_0920,R_MGH_389,12.00
P004,C001,T_MWF_0830_0920,R_MGH_389,15.00
P008,C001,T_MWF_0830_0920,R_MGH_389,13.00
P012,C001,T_MWF_0830_0920,R_MGH_389,11.00
P017,C001,T_MWF_0830_0920,R_MGH_389,11.00
P019,C001,T_MWF_0830_0920,R_MGH_389,11.00
P022,C001,T_MWF_0830_0920,R_MGH_389,11.00
P026,C001,T_MWF_0830_0920,R_MGH_389,12.00
P027,C001,T_MWF_0830_0920,R_MGH_389,13.00
P029,C001,T_MWF_0830_0920,R_MGH_389,13.00
P030,C001,T_MWF_0830_0920,R_MGH_389,12.00
P032,C001,T_MWF_0830_0920,R_MGH_389,14.00
P033,C001,T_MWF_0830_0920,R_MGH_389,12.00
P034,C001,T_MWF_0830_0920,R_MGH_389,11.00
P039,C001,T_MWF_0830_0920,R_MGH_389,16.00
P040,C001,T_MWF_0830_0920,R_MGH_389,13.00
P041,C001,T_MWF_0830_0920,R_MGH_389,12.00
P042,C001,T_MWF_0830_0920,R_MGH_389,11.00
P046,C001,T_MWF_0830_0920,R_MGH_389,14.00
P048,C001,T_MWF_0830_0920,R_MGH_389,14.00
P050,C001,T_MWF_0830_0920,R_MGH_389,16.00
P055,C001,T_MWF_0830_0920,R_MGH_389,14.00
P057,C001,T_MWF_0830_0920,R_MGH_389,16.00
P058,C001,T_MWF_0830_0920,R_MGH_389,16.00
P062,C001,T_MWF_0830_0920,R_MGH_389,16.00
P063,C001,T_MWF_0830_0920,R_MGH_389,14.00
P064,C001,T_MWF_0830_0920,R_MGH_389,15.00
P071,C001,T_MWF_0830_0920,R_MGH_389,16.00
P073,C001,T_MWF_0830_0920,R_MGH_389,10.00
P074,C001,T_MWF_0830_0920,R_MGH_389,13.00
P078,C001,T_MWF_0830_0920,R_MGH_389,14.00
P082,C001,T_MWF_0830_0920,R_MGH_389,13.00
P087,C001,T_MWF_0830_0920,R_MGH_389,11.00
P091,C001,T_MWF_0830_0920,R_MGH_389,12.00
P094,C001,T_MWF_0830_0920,R_MGH_389,14.00
P103,C001,T_MWF_0830_0920,R_MGH_389,11.00
P004,C002,T_MWF_0930_1020,R_MEB_248,15.00
P008,C002,T_MWF_0930_1020,R_MEB_248,12.00
P012,C002,T_MWF_0930_1020,R_MEB_248,11.00
P022,C002,T_MWF_0930_1020,R_MEB_248,10.00
P026,C002,T_MWF_0930_1020,R_MEB_248,12.00
P027,C002,T_MWF_0930_1020,R_MEB_248,15.00
P029,C002,T_MWF_0930_1020,R_MEB_248,13.00
P032,C002,T_MWF_0930_1020,R_MEB_248,14.00
P034,C002,T_MWF_0930_1020,R_MEB_248,12.00
P039,C002,T_MWF_0930_1020,R_MEB_248,15.00
P040,C002,T_MWF_0930_1020,R_MEB_248,13.00
P041,C002,T_MWF_0930_1020,R_MEB_248,12.00
P050,C002,T_MWF_0930_1020,R_MEB_248,15.00
P055,C002,T_MWF_0930_1020,R_MEB_248,13.00
P057,C002,T_MWF_0930_1020,R_MEB_248,15.00
P058,C002,T_MWF_0930_1020,R_MEB_248,15.00
P062,C002,T_MWF_0930_1020,R_MEB_248,15.00
P063,C002,T_MWF_0930_1020,R_MEB_248,12.00
P064,C002,T_MWF_0930_1020,R_MEB_248,15.00
P071,C002,T_MWF_0930_1020,R_MEB_248,14.00
P074,C002,T_MWF_0930_1020,R_MEB_248,12.00
P078,C002,T_MWF_0930_1020,R_MEB_248,14.00
P087,C002,T_MWF_0930_1020,R_MEB_248,12.00
P094,C002,T_MWF_0930_1020,R_MEB_248,14.00
P001,C003,T_MWF_1030_1120,R_GUG_220,18.00
P008,C003,T_MWF_1030_1120,R_GUG_220,18.00
P012,C003,T_MWF_1030_1120,R_GUG_220,17.00
P017,C003,T_MWF_1030_1120,R_GUG_220,18.00
P019,C003,T_MWF_1030_1120,R_GUG_220,18.00
P022,C003,T_MWF_1030_1120,R_GUG_220,17.00
P026,C003,T_MWF_1030_1120,R_GUG_220,17.00
P027,C003,T_MWF_1030_1120,R_GUG_220,18.00
P030,C003,T_MWF_1030_1120,R_GUG_220,18.00
P032,C003,T_MWF_1030_1120,R_GUG_220,18.00
P033,C003,T_MWF_1030_1120,R_GUG_220,18.00
P039,C003,T_MWF_1030_1120,R_GUG_220,18.00
P040,C003,T_MWF_1030_1120,R_GUG_220,18.00
P041,C003,T_MWF_1030_1120,R_GUG_220,19.00
P042,C003,T_MWF_1030_1120,R_GUG_220,18.00
P046,C003,T_MWF_1030_1120,R_GUG_220,18.00
P048,C003,T_MWF_1030_1120,R_GUG_220,17.00
P050,C003,T_MWF_1030_1120,R_GUG_220,19.00
P055,C003,T_MWF_1030_1120,R_GUG_220,19.00
P057,C003,T_MWF_1030_1120,R_GUG_220,18.00
P058,C003,T_MWF_1030_1120,R_GUG_220,18.00
P062,C003,T_MWF_1030_1120,R_GUG_220,19.00
P063,C003,T_MWF_1030_1120,R_GUG_220,17.00
P064,C003,T_MWF_1030_1120,R_GUG_220,19.00
P071,C003,T_MWF_1030_1120,R_GUG_220,19.00
P073,C003,T_MWF_1030_1120,R_GUG_220,17.00
P074,C003,T_MWF_1030_1120,R_GUG_220,17.00
P078,C003,T_MWF_1030_1120,R_GUG_220,17.00
P082,C003,T_MWF_1030_1120,R_GUG_220,17.00
P087,C003,T_MWF_1030_1120,R_GUG_220,18.00
P091,C003,T_MWF_1030_1120,R_GUG_220,17.00
P094,C003,T_MWF_1030_1120,R_GUG_220,17.00
P103,C003,T_MWF_1030_1120,R_GUG_220,17.00
P001,C004,T_TTH_0830_0950,R_GUG_220,17.00
P008,C004,T_TTH_0830_0950,R_GUG_220,16.00
P012,C004,T_TTH_0830_0950,R_GUG_220,16.00
P017,C004,T_TTH_0830_0950,R_GUG_220,16.00
P019,C004,T_TTH_0830_0950,R_GUG_220,16.00
P022,C004,T_TTH_0830_0950,R_GUG_220,16.00
P026,C004,T_TTH_0830_0950,R_GUG_220,16.00
P027,C004,T_TTH_0830_0950,R_GUG_220,17.00
P030,C004,T_TTH_0830_0950,R_GUG_220,17.00
P032,C004,T_TTH_0830_0950,R_GUG_220,18.00
P033,C004,T_TTH_0830_0950,R_GUG_220,18.00
P039,C004,T_TTH_0830_0950,R_GUG_220,19.00
P040,C004,T_TTH_0830_0950,R_GUG_220,16.00
P041,C004,T_TTH_0830_0950,R_GUG_220,16.00
P042,C004,T_TTH_0830_0950,R_GUG_220,16.00
P046,C004,T_TTH_0830_0950,R_GUG_220,17.00
P048,C004,T_TTH_0830_0950,R_GUG_220,17.00
P050,C004,T_TTH_0830_0950,R_GUG_220,19.00
P055,C004,T_TTH_0830_0950,R_GUG_220,18.00
P057,C004,T_TTH_0830_0950,R_GUG_220,19.00
P058,C004,T_TTH_0830_0950,R_GUG_220,19.00
P062,C004,T_TTH_0830_0950,R_GUG_220,18.00
P063,C004,T_TTH_0830_0950,R_GUG_220,16.00
P064,C004,T_TTH_0830_0950,R_GUG_220,18.00
P071,C004,T_TTH_0830_0950,R_GUG_220,19.00
P073,C004,T_TTH_0830_0950,R_GUG_220,16.00
P074,C004,T_TTH_0830_0950,R_GUG_220,17.00
P078,C004,T_TTH_0830_0950,R_GUG_220,17.00
P082,C004,T_TTH_0830_0950,R_GUG_220,17.00
P087,C004,T_TTH_0830_0950,R_GUG_220,15.00
P091,C004,T_TTH_0830_0950,R_GUG_220,15.00
P094,C004,T_TTH_0830_0950,R_GUG_220,18.00
P103,C004,T_TTH_0830_0950,R_GUG_220,16.00
P002,C005,T_MWF_1130_1220,R_OTB_014,14.00
P004,C005,T_MWF_1130_1220,R_OTB_014,12.00
P008,C005,T_MWF_1130_1220,R_OTB_014,14.00
P012,C005,T_MWF_1130_1220,R_OTB_014,12.00
P016,C005,T_MWF_1130_1220,R_OTB_014,14.00
P022,C005,T_MWF_1130_1220,R_OTB_014,13.00
P025,C005,T_MWF_1130_1220,R_OTB_014,12.00
P026,C005,T_MWF_1130_1220,R_OTB_014,14.00
P027,C005,T_MWF_1130_1220,R_OTB_014,14.00
P029,C005,T_MWF_1130_1220,R_OTB_014,14.00
P032,C005,T_MWF_1130_1220,R_OTB_014,14.00
P034,C005,T_MWF_1130_1220,R_OTB_014,13.00
P038,C005,T_MWF_1130_1220,R_OTB_014,13.00
P039,C005,T_MWF_1130_1220,R_OTB_014,15.00
P040,C005,T_MWF_1130_1220,R_OTB_014,15.00
P041,C005,T_MWF_1130_1220,R_OTB_014,15.00
P050,C005,T_MWF_1130_1220,R_OTB_014,14.00
P052,C005,T_MWF_1130_1220,R_OTB_014,14.00
P055,C005,T_MWF_1130_1220,R_OTB_014,15.00
P057,C005,T_MWF_1130_1220,R_OTB_014,15.00
P058,C005,T_MWF_1130_1220,R_OTB_014,14.00
P062,C005,T_MWF_1130_1220,R_OTB_014,14.00
P063,C005,T_MWF_1130_1220,R_OTB_014,14.00
P064,C005,T_MWF_1130_1220,R_OTB_014,15.00
P071,C005,T_MWF_1130_1220,R_OTB_014,15.00
P074,C005,T_MWF_1130_1220,R_OTB_014,13.00
P078,C005,T_MWF_1130_1220,R_OTB_014,13.00
P080,C005,T_MWF_1130_1220,R_OTB_014,14.00
P087,C005,T_MWF_1130_1220,R_OTB_014,12.00
P089,C005,T_MWF_1130_1220,R_OTB_014,14.00
P094,C005,T_MWF_1130_1220,R_OTB_014,12.00
P096,C005,T_MWF_1130_1220,R_OTB_014,12.00
P099,C005,T_MWF_1130_1220,R_OTB_014,14.00
P004,C006,T_TTH_0830_0950,R_GUG_220,17.00
P008,C006,T_TTH_0830_0950,R_GUG_220,16.00
P012,C006,T_TTH_0830_0950,R_GUG_220,16.00
P022,C006,T_TTH_0830_0950,R_GUG_220,16.00
P026,C006,T_TTH_0830_0950,R_GUG_220,16.00
P027,C006,T_TTH_0830_0950,R_GUG_220,17.00
P029,C006,T_TTH_0830_0950,R_GUG_220,15.00
P032,C006,T_TTH_0830_0950,R_GUG_220,18.00
P034,C006,T_TTH_0830_0950,R_GUG_220,15.00
P039,C006,T_TTH_0830_0950,R_GUG_220,20.00
P040,C006,T_TTH_0830_0950,R_GUG_220,17.00
P041,C006,T_TTH_0830_0950,R_GUG_220,17.00
P050,C006,T_TTH_0830_0950,R_GUG_220,20.00
P055,C006,T_TTH_0830_0950,R_GUG_220,19.00
P057,C006,T_TTH_0830_0950,R_GUG_220,20.00
P058,C006,T_TTH_0830_0950,R_GUG_220,20.00
P062,C006,T_TTH_0830_0950,R_GUG_220,19.00
P063,C006,T_TTH_0830_0950,R_GUG_220,17.00
P064,C006,T_TTH_0830_0950,R_GUG_220,19.00
P071,C006,T_TTH_0830_0950,R_GUG_220,20.00
P074,C006,T_TTH_0830_0950,R_GUG_220,18.00
P078,C006,T_TTH_0830_0950,R_GUG_220,17.00
P087,C006,T_TTH_0830_0950,R_GUG_220,15.00
P094,C006,T_TTH_0830_0950,R_GUG_220,18.00
P004,C007,T_MWF_1230_1320,R_GUG_220,17.00
P008,C007,T_MWF_1230_1320,R_GUG_220,18.00
P012,C007,T_MWF_1230_1320,R_GUG_220,17.00
P022,C007,T_MWF_1230_1320,R_GUG_220,17.00
P026,C007,T_MWF_1230_1320,R_GUG_220,17.00
P027,C007,T_MWF_1230_1320,R_GUG_220,17.00
P029,C007,T_MWF_1230_1320,R_GUG_220,18.00
P032,C007,T_MWF_1230_1320,R_GUG_220,16.00
P034,C007,T_MWF_1230_1320,R_GUG_220,17.00
P039,C007,T_MWF_1230_1320,R_GUG_220,18.00
P040,C007,T_MWF_1230_1320,R_GUG_220,20.00
P041,C007,T_MWF_1230_1320,R_GUG_220,19.00
P050,C007,T_MWF_1230_1320,R_GUG_220,19.00
P055,C007,T_MWF_1230_1320,R_GUG_220,20.00
P057,C007,T_MWF_1230_1320,R_GUG_220,18.00
P058,C007,T_MWF_1230_1320,R_GUG_220,19.00
P062,C007,T_MWF_1230_1320,R_GUG_220,20.00
P063,C007,T_MWF_1230_1320,R_GUG_220,19.00
P064,C007,T_MWF_1230_1320,R_GUG_220,20.00
P071,C007,T_MWF_1230_1320,R_GUG_220,19.00
P074,C007,T_MWF_1230_1320,R_GUG_220,19.00
P078,C007,T_MWF_1230_1320,R_GUG_220,18.00
P087,C007,T_MWF_1230_1320,R_GUG_220,17.00
P094,C007,T_MWF_1230_1320,R_GUG_220,18.00
P004,C008,T_TTH_1600_1720,R_SMI_120,14.00
P008,C008,T_TTH_1600_1720,R_SMI_120,17.00
P012,C008,T_TTH_1600_1720,R_SMI_120,16.00
P022,C008,T_TTH_1600_1720,R_SMI_120,15.00
P026,C008,T_TTH_1600_1720,R_SMI_120,16.00
P027,C008,T_TTH_1600_1720,R_SMI_120,14.00
P029,C008,T_TTH_1600_1720,R_SMI_120,15.00
P032,C008,T_TTH_1600_1720,R_SMI_120,14.00
P034,C008,T_TTH_1600_1720,R_SMI_120,16.00
P039,C008,T_TTH_1600_1720,R_SMI_120,15.00
P040,C008,T_TTH_1600_1720,R_SMI_120,16.00
P041,C008,T_TTH_1600_1720,R_SMI_120,17.00
P050,C008,T_TTH_1600_1720,R_SMI_120,16.00
P055,C008,T_TTH_1600_1720,R_SMI_120,17.00
P057,C008,T_TTH_1600_1720,R_SMI_120,15.00
P058,C008,T_TTH_1600_1720,R_SMI_120,15.00
P062,C008,T_TTH_1600_1720,R_SMI_120,17.00
P063,C008,T_TTH_1600_1720,R_SMI_120,18.00
P064,C008,T_TTH_1600_1720,R_SMI_120,16.00
P071,C008,T_TTH_1600_1720,R_SMI_120,15.00
P074,C008,T_TTH_1600_1720,R_SMI_120,16.00
P078,C008,T_TTH_1600_1720,R_SMI_120,14.00
P087,C008,T_TTH_1600_1720,R_SMI_120,16.00
P094,C008,T_TTH_1600_1720,R_SMI_120,14.00
P004,C009,T_MWF_0930_1020,R_SMI_120,18.00
P008,C009,T_MWF_0930_1020,R_SMI_120,16.00
P012,C009,T_MWF_0930_1020,R_SMI_120,15.00
P022,C009,T_MWF_0930_1020,R_SMI_120,14.00
P026,C009,T_MWF_0930_1020,R_SMI_120,16.00
P027,C009,T_MWF_0930_1020,R_SMI_120,18.00
P029,C009,T_MWF_0930_1020,R_SMI_120,16.00
P032,C009,T_MWF_0930_1020,R_SMI_120,18.00
P034,C009,T_MWF_0930_1020,R_SMI_120,15.00
P039,C009,T_MWF_0930_1020,R_SMI_120,19.00
P040,C009,T_MWF_0930_1020,R_SMI_120,17.00
P041,C009,T_MWF_0930_1020,R_SMI_120,16.00
P050,C009,T_MWF_0930_1020,R_SMI_120,19.00
P055,C009,T_MWF_0930_1020,R_SMI_120,17.00
P057,C009,T_MWF_0930_1020,R_SMI_120,19.00
P058,C009,T_MWF_0930_1020,R_SMI_120,19.00
P062,C009,T_MWF_0930_1020,R_SMI_120,19.00
P063,C009,T_MWF_0930_1020,R_SMI_120,16.00
P064,C009,T_MWF_0930_1020,R_SMI_120,19.00
P071,C009,T_MWF_0930_1020,R_SMI_120,18.00
P074,C009,T_MWF_0930_1020,R_SMI_120,16.00
P078,C009,T_MWF_0930_1020,R_SMI_120,18.00
P087,C009,T_MWF_0930_1020,R_SMI_120,16.00
P094,C009,T_MWF_0930_1020,R_SMI_120,18.00
P004,C010,T_MWF_1130_1220,R_KNE_210,16.00
P008,C010,T_MWF_1130_1220,R_KNE_210,18.00
P012,C010,T_MWF_1130_1220,R_KNE_210,16.00
P022,C010,T_MWF_1130_1220,R_KNE_210,17.00
P026,C010,T_MWF_1130_1220,R_KNE_210,18.00
P027,C010,T_MWF_1130_1220,R_KNE_210,18.00
P029,C010,T_MWF_1130_1220,R_KNE_210,18.00
P032,C010,T_MWF_1130_1220,R_KNE_210,18.00
P034,C010,T_MWF_1130_1220,R_KNE_210,17.00
P039,C010,T_MWF_1130_1220,R_KNE_210,19.00
P040,C010,T_MWF_1130_1220,R_KNE_210,19.00
P041,C010,T_MWF_1130_1220,R_KNE_210,19.00
P050,C010,T_MWF_1130_1220,R_KNE_210,18.00
P055,C010,T_MWF_1130_1220,R_KNE_210,19.00
P057,C010,T_MWF_1130_1220,R_KNE_210,19.00
P058,C010,T_MWF_1130_1220,R_KNE_210,18.00
P062,C010,T_MWF_1130_1220,R_KNE_210,18.00
P063,C010,T_MWF_1130_1220,R_KNE_210,18.00
P064,C010,T_MWF_1130_1220,R_KNE_210,19.00
P071,C010,T_MWF_1130_1220,R_KNE_210,19.00
P074,C010,T_MWF_1130_1220,R_KNE_210,17.00
P078,C010,T_MWF_1130_1220,R_KNE_210,17.00
P087,C010,T_MWF_1130_1220,R_KNE_210,16.00
P094,C010,T_MWF_1130_1220,R_KNE_210,16.00
P004,C011,T_TTH_1130_1250,R_GUG_220,16.00
P008,C011,T_TTH_1130_1250,R_GUG_220,17.00
P012,C011,T_TTH_1130_1250,R_GUG_220,16.00
P022,C011,T_TTH_1130_1250,R_GUG_220,18.00
P026,C011,T_TTH_1130_1250,R_GUG_220,16.00
P027,C011,T_TTH_1130_1250,R_GUG_220,17.00
P029,C011,T_TTH_1130_1250,R_GUG_220,17.00
P032,C011,T_TTH_1130_1250,R_GUG_220,17.00
P034,C011,T_TTH_1130_1250,R_GUG_220,16.00
P039,C011,T_TTH_1130_1250,R_GUG_220,18.00
P040,C011,T_TTH_1130_1250,R_GUG_220,18.00
P041,C011,T_TTH_1130_1250,R_GUG_220,17.00
P050,C011,T_TTH_1130_1250,R_GUG_220,18.00
P055,C011,T_TTH_1130_1250,R_GUG_220,19.00
P057,C011,T_TTH_1130_1250,R_GUG_220,18.00
P058,C011,T_TTH_1130_1250,R_GUG_220,18.00
P062,C011,T_TTH_1130_1250,R_GUG_220,19.00
P063,C011,T_TTH_1130_1250,R_GUG_220,18.00
P064,C011,T_TTH_1130_1250,R_GUG_220,19.00
P071,C011,T_TTH_1130_1250,R_GUG_220,19.00
P074,C011,T_TTH_1130_1250,R_GUG_220,17.00
P078,C011,T_TTH_1130_1250,R_GUG_220,18.00
P087,C011,T_TTH_1130_1250,R_GUG_220,16.00
P094,C011,T_TTH_1130_1250,R_GUG_220,16.00
P004,C012,T_MWF_1530_1620,R_KNE_210,15.00
P008,C012,T_MWF_1530_1620,R_KNE_210,16.00
P012,C012,T_MWF_1530_1620,R_KNE_210,18.00
P022,C012,T_MWF_1530_1620,R_KNE_210,18.00
P026,C012,T_MWF_1530_1620,R_KNE_210,17.00
P027,C012,T_MWF_1530_1620,R_KNE_210,15.00
P029,C012,T_MWF_1530_1620,R_KNE_210,17.00
P032,C012,T_MWF_1530_1620,R_KNE_210,16.00
P034,C012,T_MWF_1530_1620,R_KNE_210,17.00
P039,C012,T_MWF_1530_1620,R_KNE_210,17.00
P040,C012,T_MWF_1530_1620,R_KNE_210,18.00
P041,C012,T_MWF_1530_1620,R_KNE_210,19.00
P050,C012,T_MWF_1530_1620,R_KNE_210,17.00
P055,C012,T_MWF_1530_1620,R_KNE_210,17.00
P057,C012,T_MWF_1530_1620,R_KNE_210,17.00
P058,C012,T_MWF_1530_1620,R_KNE_210,16.00
P062,C012,T_MWF_1530_1620,R_KNE_210,18.00
P063,C012,T_MWF_1530_1620,R_KNE_210,18.00
P064,C012,T_MWF_1530_1620,R_KNE_210,17.00
P071,C012,T_MWF_1530_1620,R_KNE_210,17.00
P074,C012,T_MWF_1530_1620,R_KNE_210,19.00
P078,C012,T_MWF_1530_1620,R_KNE_210,15.00
P087,C012,T_MWF_1530_1620,R_KNE_210,18.00
P094,C012,T_MWF_1530_1620,R_KNE_210,15.00
P004,C013,T_MWF_1530_1620,R_KNE_220,15.00
P008,C013,T_MWF_1530_1620,R_KNE_220,16.00
P012,C013,T_MWF_1530_1620,R_KNE_220,18.00
P022,C013,T_MWF_1530_1620,R_KNE_220,18.00
P026,C013,T_MWF_1530_1620,R_KNE_220,17.00
P027,C013,T_MWF_1530_1620,R_KNE_220,15.00
P029,C013,T_MWF_1530_1620,R_KNE_220,17.00
P032,C013,T_MWF_1530_1620,R_KNE_220,16.00
P034,C013,T_MWF_1530_1620,R_KNE_220,17.00
P039,C013,T_MWF_1530_1620,R_KNE_220,17.00
P040,C013,T_MWF_1530_1620,R_KNE_220,18.00
P041,C013,T_MWF_1530_1620,R_KNE_220,19.00
P050,C013,T_MWF_1530_1620,R_KNE_220,17.00
P055,C013,T_MWF_1530_1620,R_KNE_220,17.00
P057,C013,T_MWF_1530_1620,R_KNE_220,17.00
P058,C013,T_MWF_1530_1620,R_KNE_220,16.00
P062,C013,T_MWF_1530_1620,R_KNE_220,18.00
P063,C013,T_MWF_1530_1620,R_KNE_220,18.00
P064,C013,T_MWF_1530_1620,R_KNE_220,17.00
P071,C013,T_MWF_1530_1620,R_KNE_220,17.00
P074,C013,T_MWF_1530_1620,R_KNE_220,19.00
P078,C013,T_MWF_1530_1620,R_KNE_220,15.00
P087,C013,T_MWF_1530_1620,R_KNE_220,18.00
P094,C013,T_MWF_1530_1620,R_KNE_220,15.00
P004,C014,T_MWF_1030_1120,R_SMI_120,17.00
P008,C014,T_MWF_1030_1120,R_SMI_120,18.00
P012,C014,T_MWF_1030_1120,R_SMI_120,17.00
P022,C014,T_MWF_1030_1120,R_SMI_120,17.00
P026,C014,T_MWF_1030_1120,R_SMI_120,17.00
P027,C014,T_MWF_1030_1120,R_SMI_120,18.00
P029,C014,T_MWF_1030_1120,R_SMI_120,17.00
P032,C014,T_MWF_1030_1120,R_SMI_120,18.00
P034,C014,T_MWF_1030_1120,R_SMI_120,17.00
P039,C014,T_MWF_1030_1120,R_SMI_120,18.00
P040,C014,T_MWF_1030_1120,R_SMI_120,18.00
P041,C014,T_MWF_1030_1120,R_SMI_120,19.00
P050,C014,T_MWF_1030_1120,R_SMI_120,19.00
P055,C014,T_MWF_1030_1120,R_SMI_120,19.00
P057,C014,T_MWF_1030_1120,R_SMI_120,18.00
P058,C014,T_MWF_1030_1120,R_SMI_120,18.00
P062,C014,T_MWF_1030_1120,R_SMI_120,19.00
P063,C014,T_MWF_1030_1120,R_SMI_120,17.00
P064,C014,T_MWF_1030_1120,R_SMI_120,19.00
P071,C014,T_MWF_1030_1120,R_SMI_120,19.00
P074,C014,T_MWF_1030_1120,R_SMI_120,17.00
P078,C014,T_MWF_1030_1120,R_SMI_120,17.00
P087,C014,T_MWF_1030_1120,R_SMI_120,18.00
P094,C014,T_MWF_1030_1120,R_SMI_120,17.00
P004,C015,T_MWF_1430_1520,R_GUG_220,14.00
P008,C015,T_MWF_1430_1520,R_GUG_220,18.00
P012,C015,T_MWF_1430_1520,R_GUG_220,18.00
P022,C015,T_MWF_1430_1520,R_GUG_220,17.00
P026,C015,T_MWF_1430_1520,R_GUG_220,18.00
P027,C015,T_MWF_1430_1520,R_GUG_220,16.00
P029,C015,T_MWF_1430_1520,R_GUG_220,17.00
P032,C015,T_MWF_1430_1520,R_GUG_220,15.00
P034,C015,T_MWF_1430_1520,R_GUG_220,18.00
P039,C015,T_MWF_1430_1520,R_GUG_220,16.00
P040,C015,T_MWF_1430_1520,R_GUG_220,18.00
P041,C015,T_MWF_1430_1520,R_GUG_220,19.00
P050,C015,T_MWF_1430_1520,R_GUG_220,15.00
P055,C015,T_MWF_1430_1520,R_GUG_220,18.00
P057,C015,T_MWF_1430_1520,R_GUG_220,17.00
P058,C015,T_MWF_1430_1520,R_GUG_220,17.00
P062,C015,T_MWF_1430_1520,R_GUG_220,18.00
P063,C015,T_MWF_1430_1520,R_GUG_220,19.00
P064,C015,T_MWF_1430_1520,R_GUG_220,19.00
P071,C015,T_MWF_1430_1520,R_GUG_220,16.00
P074,C015,T_MWF_1430_1520,R_GUG_220,19.00
P078,C015,T_MWF_1430_1520,R_GUG_220,15.00
P087,C015,T_MWF_1430_1520,R_GUG_220,18.00
P094,C015,T_MWF_1430_1520,R_GUG_220,14.00
P004,C016,T_MWF_0930_1020,R_SMI_120,18.00
P008,C016,T_MWF_0930_1020,R_SMI_120,16.00
P012,C016,T_MWF_0930_1020,R_SMI_120,15.00
P022,C016,T_MWF_0930_1020,R_SMI_120,14.00
P026,C016,T_MWF_0930_1020,R_SMI_120,16.00
P027,C016,T_MWF_0930_1020,R_SMI_120,18.00
P029,C016,T_MWF_0930_1020,R_SMI_120,16.00
P032,C016,T_MWF_0930_1020,R_SMI_120,18.00
P034,C016,T_MWF_0930_1020,R_SMI_120,15.00
P039,C016,T_MWF_0930_1020,R_SMI_120,19.00
P040,C016,T_MWF_0930_1020,R_SMI_120,17.00
P041,C016,T_MWF_0930_1020,R_SMI_120,16.00
P050,C016,T_MWF_0930_1020,R_SMI_120,19.00
P055,C016,T_MWF_0930_1020,R_SMI_120,17.00
P057,C016,T_MWF_0930_1020,R_SMI_120,19.00
P058,C016,T_MWF_0930_1020,R_SMI_120,19.00
P062,C016,T_MWF_0930_1020,R_SMI_120,19.00
P063,C016,T_MWF_0930_1020,R_SMI_120,16.00
P064,C016,T_MWF_0930_1020,R_SMI_120,19.00
P071,C016,T_MWF_0930_1020,R_SMI_120,18.00
P074,C016,T_MWF_0930_1020,R_SMI_120,16.00
P078,C016,T_MWF_0930_1020,R_SMI_120,18.00
P087,C016,T_MWF_0930_1020,R_SMI_120,16.00
P094,C016,T_MWF_0930_1020,R_SMI_120,18.00
P001,C017,T_MWF_1130_1220,R_SMI_120,18.00
P003,C017,T_MWF_1130_1220,R_SMI_120,18.00
P004,C017,T_MWF_1130_1220,R_SMI_120,16.00
P008,C017,T_MWF_1130_1220,R_SMI_120,19.00
P012,C017,T_MWF_1130_1220,R_SMI_120,16.00
P017,C017,T_MWF_1130_1220,R_SMI_120,18.00
P020,C017,T_MWF_1130_1220,R_SMI_120,17.00
P022,C017,T_MWF_1130_1220,R_SMI_120,17.00
P026,C017,T_MWF_1130_1220,R_SMI_120,18.00
P027,C017,T_MWF_1130_1220,R_SMI_120,18.00
P029,C017,T_MWF_1130_1220,R_SMI_120,18.00
P032,C017,T_MWF_1130_1220,R_SMI_120,18.00
P034,C017,T_MWF_1130_1220,R_SMI_120,17.00
P039,C017,T_MWF_1130_1220,R_SMI_120,19.00
P040,C017,T_MWF_1130_1220,R_SMI_120,19.00
P041,C017,T_MWF_1130_1220,R_SMI_120,19.00
P048,C017,T_MWF_1130_1220,R_SMI_120,17.00
P050,C017,T_MWF_1130_1220,R_SMI_120,18.00
P055,C017,T_MWF_1130_1220,R_SMI_120,19.00
P057,C017,T_MWF_1130_1220,R_SMI_120,19.00
P058,C017,T_MWF_1130_1220,R_SMI_120,18.00
P062,C017,T_MWF_1130_1220,R_SMI_120,18.00
P063,C017,T_MWF_1130_1220,R_SMI_120,18.00
P064,C017,T_MWF_1130_1220,R_SMI_120,19.00
P071,C017,T_MWF_1130_1220,R_SMI_120,19.00
P074,C017,T_MWF_1130_1220,R_SMI_120,17.00
P075,C017,T_MWF_1130_1220,R_SMI_120,17.00
P078,C017,T_MWF_1130_1220,R_SMI_120,17.00
P087,C017,T_MWF_1130_1220,R_SMI_120,16.00
P094,C017,T_MWF_1130_1220,R_SMI_120,16.00
P001,C018,T_MWF_1330_1420,R_SMI_120,17.00
P003,C018,T_MWF_1330_1420,R_SMI_120,17.00
P004,C018,T_MWF_1330_1420,R_SMI_120,16.00
P008,C018,T_MWF_1330_1420,R_SMI_120,19.00
P012,C018,T_MWF_1330_1420,R_SMI_120,17.00
P017,C018,T_MWF_1330_1420,R_SMI_120,17.00
P020,C018,T_MWF_1330_1420,R_SMI_120,17.00
P022,C018,T_MWF_1330_1420,R_SMI_120,18.00
P026,C018,T_MWF_1330_1420,R_SMI_120,17.00
P027,C018,T_MWF_1330_1420,R_SMI_120,15.00
P029,C018,T_MWF_1330_1420,R_SMI_120,17.00
P032,C018,T_MWF_1330_1420,R_SMI_120,14.00
P034,C018,T_MWF_1330_1420,R_SMI_120,18.00
P039,C018,T_MWF_1330_1420,R_SMI_120,16.00
P040,C018,T_MWF_1330_1420,R_SMI_120,18.00
P041,C018,T_MWF_1330_1420,R_SMI_120,18.00
P048,C018,T_MWF_1330_1420,R_SMI_120,15.00
P050,C018,T_MWF_1330_1420,R_SMI_120,16.00
P055,C018,T_MWF_1330_1420,R_SMI_120,18.00
P057,C018,T_MWF_1330_1420,R_SMI_120,17.00
P058,C018,T_MWF_1330_1420,R_SMI_120,15.00
P062,C018,T_MWF_1330_1420,R_SMI_120,18.00
P063,C018,T_MWF_1330_1420,R_SMI_120,19.00
P064,C018,T_MWF_1330_1420,R_SMI_120,18.00
P071,C018,T_MWF_1330_1420,R_SMI_120,16.00
P074,C018,T_MWF_1330_1420,R_SMI_120,18.00
P075,C018,T_MWF_1330_1420,R_SMI_120,17.00
P078,C018,T_MWF_1330_1420,R_SMI_120,15.00
P087,C018,T_MWF_1330_1420,R_SMI_120,18.00
P094,C018,T_MWF_1330_1420,R_SMI_120,14.00
P001,C019,T_MW_1000_1120,R_GUG_220,18.00
P003,C019,T_MW_1000_1120,R_GUG_220,18.00
P004,C019,T_MW_1000_1120,R_GUG_220,17.00
P008,C019,T_MW_1000_1120,R_GUG_220,18.00
P012,C019,T_MW_1000_1120,R_GUG_220,17.00
P017,C019,T_MW_1000_1120,R_GUG_220,18.00
P020,C019,T_MW_1000_1120,R_GUG_220,17.00
P022,C019,T_MW_1000_1120,R_GUG_220,16.00
P026,C019,T_MW_1000_1120,R_GUG_220,16.00
P027,C019,T_MW_1000_1120,R_GUG_220,18.00
P029,C019,T_MW_1000_1120,R_GUG_220,17.00
P032,C019,T_MW_1000_1120,R_GUG_220,17.00
P034,C019,T_MW_1000_1120,R_GUG_220,16.00
P039,C019,T_MW_1000_1120,R_GUG_220,17.00
P040,C019,T_MW_1000_1120,R_GUG_220,19.00
P041,C019,T_MW_1000_1120,R_GUG_220,19.00
P048,C019,T_MW_1000_1120,R_GUG_220,17.00
P050,C019,T_MW_1000_1120,R_GUG_220,18.00
P055,C019,T_MW_1000_1120,R_GUG_220,19.00
P057,C019,T_MW_1000_1120,R_GUG_220,19.00
P058,C019,T_MW_1000_1120,R_GUG_220,19.00
P062,C019,T_MW_1000_1120,R_GUG_220,19.00
P063,C019,T_MW_1000_1120,R_GUG_220,19.00
P064,C019,T_MW_1000_1120,R_GUG_220,19.00
P071,C019,T_MW_1000_1120,R_GUG_220,18.00
P074,C019,T_MW_1000_1120,R_GUG_220,18.00
P075,C019,T_MW_1000_1120,R_GUG_220,18.00
P078,C019,T_MW_1000_1120,R_GUG_220,17.00
P087,C019,T_MW_1000_1120,R_GUG_220,18.00
P094,C019,T_MW_1000_1120,R_GUG_220,17.00
P001,C020,T_MWF_0930_1020,R_KNE_210,18.00
P003,C020,T_MWF_0930_1020,R_KNE_210,17.00
P004,C020,T_MWF_0930_1020,R_KNE_210,18.00
P008,C020,T_MWF_0930_1020,R_KNE_210,17.00
P012,C020,T_MWF_0930_1020,R_KNE_210,15.00
P017,C020,T_MWF_0930_1020,R_KNE_210,16.00
P020,C020,T_MWF_0930_1020,R_KNE_210,15.00
P022,C020,T_MWF_0930_1020,R_KNE_210,14.00
P026,C020,T_MWF_0930_1020,R_KNE_210,16.00
P027,C020,T_MWF_0930_1020,R_KNE_210,18.00
P029,C020,T_MWF_0930_1020,R_KNE_210,16.00
P032,C020,T_MWF_0930_1020,R_KNE_210,18.00
P034,C020,T_MWF_0930_1020,R_KNE_210,15.00
P039,C020,T_MWF_0930_1020,R_KNE_210,19.00
P040,C020,T_MWF_0930_1020,R_KNE_210,17.00
P041,C020,T_MWF_0930_1020,R_KNE_210,16.00
P048,C020,T_MWF_0930_1020,R_KNE_210,17.00
P050,C020,T_MWF_0930_1020,R_KNE_210,19.00
P055,C020,T_MWF_0930_1020,R_KNE_210,17.00
P057,C020,T_MWF_0930_1020,R_KNE_210,19.00
P058,C020,T_MWF_0930_1020,R_KNE_210,19.00
P062,C020,T_MWF_0930_1020,R_KNE_210,19.00
P063,C020,T_MWF_0930_1020,R_KNE_210,16.00
P064,C020,T_MWF_0930_1020,R_KNE_210,19.00
P071,C020,T_MWF_0930_1020,R_KNE_210,18.00
P074,C020,T_MWF_0930_1020,R_KNE_210,16.00
P075,C020,T_MWF_0930_1020,R_KNE_210,16.00
P078,C020,T_MWF_0930_1020,R_KNE_210,18.00
P087,C020,T_MWF_0930_1020,R_KNE_210,16.00
P094,C020,T_MWF_0930_1020,R_KNE_210,18.00
P004,C021,T_MWF_0930_1020,R_MEB_248,14.00
P008,C021,T_MWF_0930_1020,R_MEB_248,12.00
P012,C021,T_MWF_0930_1020,R_MEB_248,11.00
P022,C021,T_MWF_0930_1020,R_MEB_248,10.00
P026,C021,T_MWF_0930_1020,R_MEB_248,12.00
P027,C021,T_MWF_0930_1020,R_MEB_248,14.00
P029,C021,T_MWF_0930_1020,R_MEB_248,12.00
P034,C021,T_MWF_0930_1020,R_MEB_248,11.00
P039,C021,T_MWF_0930_1020,R_MEB_248,14.00
P040,C021,T_MWF_0930_1020,R_MEB_248,12.00
P041,C021,T_MWF_0930_1020,R_MEB_248,11.00
P050,C021,T_MWF_0930_1020,R_MEB_248,14.00
P055,C021,T_MWF_0930_1020,R_MEB_248,12.00
P057,C021,T_MWF_0930_1020,R_MEB_248,14.00
P058,C021,T_MWF_0930_1020,R_MEB_248,14.00
P062,C021,T_MWF_0930_1020,R_MEB_248,14.00
P063,C021,T_MWF_0930_1020,R_MEB_248,11.00
P064,C021,T_MWF_0930_1020,R_MEB_248,14.00
P071,C021,T_MWF_0930_1020,R_MEB_248,13.00
P074,C021,T_MWF_0930_1020,R_MEB_248,11.00
P004,C022,T_MWF_1030_1120,R_KNE_210,8.00
P005,C022,T_MWF_1030_1120,R_KNE_210,7.00
P007,C022,T_MWF_1030_1120,R_KNE_210,9.00
P008,C022,T_MWF_1030_1120,R_KNE_210,9.00
P009,C022,T_MWF_1030_1120,R_KNE_210,7.00
P010,C022,T_MWF_1030_1120,R_KNE_210,9.00
P012,C022,T_MWF_1030_1120,R_KNE_210,8.00
P017,C022,T_MWF_1030_1120,R_KNE_210,9.00
P018,C022,T_MWF_1030_1120,R_KNE_210,9.00
P020,C022,T_MWF_1030_1120,R_KNE_210,9.00
P021,C022,T_MWF_1030_1120,R_KNE_210,8.00
P022,C022,T_MWF_1030_1120,R_KNE_210,8.00
P025,C022,T_MWF_1030_1120,R_KNE_210,8.00
P027,C022,T_MWF_1030_1120,R_KNE_210,9.00
P028,C022,T_MWF_1030_1120,R_KNE_210,9.00
P029,C022,T_MWF_1030_1120,R_KNE_210,8.00
P032,C022,T_MWF_1030_1120,R_KNE_210,9.00
P037,C022,T_MWF_1030_1120,R_KNE_210,9.00
P039,C022,T_MWF_1030_1120,R_KNE_210,8.00
P040,C022,T_MWF_1030_1120,R_KNE_210,8.00
P041,C022,T_MWF_1030_1120,R_KNE_210,9.00
P042,C022,T_MWF_1030_1120,R_KNE_210,9.00
P043,C022,T_MWF_1030_1120,R_KNE_210,9.00
P044,C022,T_MWF_1030_1120,R_KNE_210,8.00
P047,C022,T_MWF_1030_1120,R_KNE_210,9.00
P049,C022,T_MWF_1030_1120,R_KNE_210,7.00
P050,C022,T_MWF_1030_1120,R_KNE_210,9.00
P051,C022,T_MWF_1030_1120,R_KNE_210,10.00
P053,C022,T_MWF_1030_1120,R_KNE_210,9.00
P054,C022,T_MWF_1030_1120,R_KNE_210,9.00
P055,C022,T_MWF_1030_1120,R_KNE_210,9.00
P057,C022,T_MWF_1030_1120,R_KNE_210,8.00
P058,C022,T_MWF_1030_1120,R_KNE_210,8.00
P061,C022,T_MWF_1030_1120,R_KNE_210,9.00
P062,C022,T_MWF_1030_1120,R_KNE_210,9.00
P063,C022,T_MWF_1030_1120,R_KNE_210,7.00
P064,C022,T_MWF_1030_1120,R_KNE_210,9.00
P067,C022,T_MWF_1030_1120,R_KNE_210,8.00
P069,C022,T_MWF_1030_1120,R_KNE_210,8.00
P071,C022,T_MWF_1030_1120,R_KNE_210,9.00
P072,C022,T_MWF_1030_1120,R_KNE_210,7.00
P074,C022,T_MWF_1030_1120,R_KNE_210,7.00
P085,C022,T_MWF_1030_1120,R_KNE_210,9.00
P087,C022,T_MWF_1030_1120,R_KNE_210,9.00
P091,C022,T_MWF_1030_1120,R_KNE_210,9.00
P093,C022,T_MWF_1030_1120,R_KNE_210,8.00
P095,C022,T_MWF_1030_1120,R_KNE_210,9.00
P100,C022,T_MWF_1030_1120,R_KNE_210,9.00
P002,C023,T_F_1530_1720,R_KNE_220,16.00
P010,C023,T_F_1530_1720,R_KNE_220,16.00
P012,C023,T_F_1530_1720,R_KNE_220,16.00
P013,C023,T_F_1530_1720,R_KNE_220,15.00
P039,C023,T_F_1530_1720,R_KNE_220,14.00
P040,C023,T_F_1530_1720,R_KNE_220,16.00
P041,C023,T_F_1530_1720,R_KNE_220,16.00
P050,C023,T_F_1530_1720,R_KNE_220,15.00
P052,C023,T_F_1530_1720,R_KNE_220,17.00
P055,C023,T_F_1530_1720,R_KNE_220,14.00
P056,C023,T_F_1530_1720,R_KNE_220,16.00
P057,C023,T_F_1530_1720,R_KNE_220,14.00
P058,C023,T_F_1530_1720,R_KNE_220,14.00
P060,C023,T_F_1530_1720,R_KNE_220,15.00
P062,C023,T_F_1530_1720,R_KNE_220,17.00
P063,C023,T_F_1530_1720,R_KNE_220,17.00
P064,C023,T_F_1530_1720,R_KNE_220,16.00
P071,C023,T_F_1530_1720,R_KNE_220,14.00
P074,C023,T_F_1530_1720,R_KNE_220,16.00
P093,C023,T_F_1530_1720,R_KNE_220,14.00
P002,C024,T_TTH_1430_1550,R_SMI_120,17.00
P010,C024,T_TTH_1430_1550,R_SMI_120,17.00
P012,C024,T_TTH_1430_1550,R_SMI_120,17.00
P013,C024,T_TTH_1430_1550,R_SMI_120,18.00
P039,C024,T_TTH_1430_1550,R_SMI_120,15.00
P040,C024,T_TTH_1430_1550,R_SMI_120,17.00
P041,C024,T_TTH_1430_1550,R_SMI_120,17.00
P050,C024,T_TTH_1430_1550,R_SMI_120,16.00
P052,C024,T_TTH_1430_1550,R_SMI_120,17.00
P055,C024,T_TTH_1430_1550,R_SMI_120,17.00
P056,C024,T_TTH_1430_1550,R_SMI_120,17.00
P057,C024,T_TTH_1430_1550,R_SMI_120,14.00
P058,C024,T_TTH_1430_1550,R_SMI_120,15.00
P060,C024,T_TTH_1430_1550,R_SMI_120,17.00
P062,C024,T_TTH_1430_1550,R_SMI_120,17.00
P063,C024,T_TTH_1430_1550,R_SMI_120,17.00
P064,C024,T_TTH_1430_1550,R_SMI_120,17.00
P071,C024,T_TTH_1430_1550,R_SMI_120,14.00
P074,C024,T_TTH_1430_1550,R_SMI_120,17.00
P093,C024,T_TTH_1430_1550,R_SMI_120,15.00
P002,C025,T_MWF_1030_1120,R_MGH_389,16.00
P010,C025,T_MWF_1030_1120,R_MGH_389,17.00
P012,C025,T_MWF_1030_1120,R_MGH_389,17.00
P013,C025,T_MWF_1030_1120,R_MGH_389,16.00
P039,C025,T_MWF_1030_1120,R_MGH_389,17.00
P040,C025,T_MWF_1030_1120,R_MGH_389,17.00
P041,C025,T_MWF_1030_1120,R_MGH_389,18.00
P050,C025,T_MWF_1030_1120,R_MGH_389,18.00
P052,C025,T_MWF_1030_1120,R_MGH_389,18.00
P055,C025,T_MWF_1030_1120,R_MGH_389,18.00
P056,C025,T_MWF_1030_1120,R_MGH_389,17.00
P057,C025,T_MWF_1030_1120,R_MGH_389,17.00
P058,C025,T_MWF_1030_1120,R_MGH_389,17.00
P060,C025,T_MWF_1030_1120,R_MGH_389,18.00
P062,C025,T_MWF_1030_1120,R_MGH_389,18.00
P063,C025,T_MWF_1030_1120,R_MGH_389,16.00
P064,C025,T_MWF_1030_1120,R_MGH_389,18.00
P071,C025,T_MWF_1030_1120,R_MGH_389,18.00
P074,C025,T_MWF_1030_1120,R_MGH_389,16.00
P093,C025,T_MWF_1030_1120,R_MGH_389,16.00
P002,C026,T_MWF_1230_1320,R_KNE_210,12.00
P010,C026,T_MWF_1230_1320,R_KNE_210,13.00
P012,C026,T_MWF_1230_1320,R_KNE_210,12.00
P013,C026,T_MWF_1230_1320,R_KNE_210,12.00
P039,C026,T_MWF_1230_1320,R_KNE_210,11.00
P040,C026,T_MWF_1230_1320,R_KNE_210,13.00
P041,C026,T_MWF_1230_1320,R_KNE_210,12.00
P050,C026,T_MWF_1230_1320,R_KNE_210,12.00
P052,C026,T_MWF_1230_1320,R_KNE_210,13.00
P055,C026,T_MWF_1230_1320,R_KNE_210,13.00
P056,C026,T_MWF_1230_1320,R_KNE_210,13.00
P057,C026,T_MWF_1230_1320,R_KNE_210,11.00
P058,C026,T_MWF_1230_1320,R_KNE_210,12.00
P060,C026,T_MWF_1230_1320,R_KNE_210,13.00
P062,C026,T_MWF_1230_1320,R_KNE_210,13.00
P063,C026,T_MWF_1230_1320,R_KNE_210,12.00
P064,C026,T_MWF_1230_1320,R_KNE_210,13.00
P071,C026,T_MWF_1230_1320,R_KNE_210,12.00
P074,C026,T_MWF_1230_1320,R_KNE_210,12.00
P093,C026,T_MWF_1230_1320,R_KNE_210,13.00
P002,C027,T_MWF_1230_1320,R_KNE_210,12.00
P010,C027,T_MWF_1230_1320,R_KNE_210,13.00
P012,C027,T_MWF_1230_1320,R_KNE_210,12.00
P013,C027,T_MWF_1230_1320,R_KNE_210,12.00
P039,C027,T_MWF_1230_1320,R_KNE_210,11.00
P040,C027,T_MWF_1230_1320,R_KNE_210,13.00
P041,C027,T_MWF_1230_1320,R_KNE_210,12.00
P050,C027,T_MWF_1230_1320,R_KNE_210,12.00
P052,C027,T_MWF_1230_1320,R_KNE_210,13.00
P055,C027,T_MWF_1230_1320,R_KNE_210,13.00
P056,C027,T_MWF_1230_1320,R_KNE_210,13.00
P057,C027,T_MWF_1230_1320,R_KNE_210,11.00
P058,C027,T_MWF_1230_1320,R_KNE_210,12.00
P060,C027,T_MWF_1230_1320,R_KNE_210,13.00
P062,C027,T_MWF_1230_1320,R_KNE_210,13.00
P063,C027,T_MWF_1230_1320,R_KNE_210,12.00
P064,C027,T_MWF_1230_1320,R_KNE_210,13.00
P071,C027,T_MWF_1230_1320,R_KNE_210,12.00
P074,C027,T_MWF_1230_1320,R_KNE_210,12.00
P093,C027,T_MWF_1230_1320,R_KNE_210,13.00
P004,C028,T_TTH_0830_0950,R_MUE_153,13.00
P006,C028,T_TTH_0830_0950,R_MUE_153,13.00
P012,C028,T_TTH_0830_0950,R_MUE_153,12.00
P013,C028,T_TTH_0830_0950,R_MUE_153,12.00
P015,C028,T_TTH_0830_0950,R_MUE_153,15.00
P035,C028,T_TTH_0830_0950,R_MUE_153,13.00
P039,C028,T_TTH_0830_0950,R_MUE_153,14.00
P040,C028,T_TTH_0830_0950,R_MUE_153,11.00
P041,C028,T_TTH_0830_0950,R_MUE_153,11.00
P050,C028,T_TTH_0830_0950,R_MUE_153,14.00
P055,C028,T_TTH_0830_0950,R_MUE_153,13.00
P057,C028,T_TTH_0830_0950,R_MUE_153,14.00
P058,C028,T_TTH_0830_0950,R_MUE_153,14.00
P059,C028,T_TTH_0830_0950,R_MUE_153,14.00
P062,C028,T_TTH_0830_0950,R_MUE_153,13.00
P063,C028,T_TTH_0830_0950,R_MUE_153,11.00
P064,C028,T_TTH_0830_0950,R_MUE_153,13.00
P068,C028,T_TTH_0830_0950,R_MUE_153,14.00
P070,C028,T_TTH_0830_0950,R_MUE_153,13.00
P071,C028,T_TTH_0830_0950,R_MUE_153,14.00
P074,C028,T_TTH_0830_0950,R_MUE_153,12.00
P075,C028,T_TTH_0830_0950,R_MUE_153,11.00
P077,C028,T_TTH_0830_0950,R_MUE_153,13.00
P084,C028,T_TTH_0830_0950,R_MUE_153,14.00
P092,C028,T_TTH_0830_0950,R_MUE_153,11.00
P093,C028,T_TTH_0830_0950,R_MUE_153,15.00
P097,C028,T_TTH_0830_0950,R_MUE_153,13.00
P098,C028,T_TTH_0830_0950,R_MUE_153,13.00
P101,C028,T_TTH_0830_0950,R_MUE_153,14.00
P102,C028,T_TTH_0830_0950,R_MUE_153,13.00
P104,C028,T_TTH_0830_0950,R_MUE_153,12.00
P001,C029,T_MW_1000_1120,R_KNE_210,9.00
P003,C029,T_MW_1000_1120,R_KNE_210,9.00
P004,C029,T_MW_1000_1120,R_KNE_210,9.00
P008,C029,T_MW_1000_1120,R_KNE_210,9.00
P012,C029,T_MW_1000_1120,R_KNE_210,8.00
P015,C029,T_MW_1000_1120,R_KNE_210,9.00
P017,C029,T_MW_1000_1120,R_KNE_210,9.00
P020,C029,T_MW_1000_1120,R_KNE_210,8.00
P022,C029,T_MW_1000_1120,R_KNE_210,7.00
P026,C029,T_MW_1000_1120,R_KNE_210,7.00
P027,C029,T_MW_1000_1120,R_KNE_210,9.00
P029,C029,T_MW_1000_1120,R_KNE_210,8.00
P034,C029,T_MW_1000_1120,R_KNE_210,7.00
P039,C029,T_MW_1000_1120,R_KNE_210,7.00
P040,C029,T_MW_1000_1120,R_KNE_210,9.00
P041,C029,T_MW_1000_1120,R_KNE_210,9.00
P048,C029,T_MW_1000_1120,R_KNE_210,8.00
P050,C029,T_MW_1000_1120,R_KNE_210,8.00
P055,C029,T_MW_1000_1120,R_KNE_210,9.00
P057,C029,T_MW_1000_1120,R_KNE_210,9.00
P058,C029,T_MW_1000_1120,R_KNE_210,9.00
P059,C029,T_MW_1000_1120,R_KNE_210,9.00
P062,C029,T_MW_1000_1120,R_KNE_210,9.00
P063,C029,T_MW_1000_1120,R_KNE_210,9.00
P064,C029,T_MW_1000_1120,R_KNE_210,9.00
P068,C029,T_MW_1000_1120,R_KNE_210,9.00
P071,C029,T_MW_1000_1120,R_KNE_210,8.00
P074,C029,T_MW_1000_1120,R_KNE_210,8.00
P075,C029,T_MW_1000_1120,R_KNE_210,9.00
P077,C029,T_MW_1000_1120,R_KNE_210,9.00
P092,C029,T_MW_1000_1120,R_KNE_210,8.00
P093,C029,T_MW_1000_1120,R_KNE_210,7.00
P094,C029,T_MW_1000_1120,R_KNE_210,8.00
P097,C029,T_MW_1000_1120,R_KNE_210,8.00
P101,C029,T_MW_1000_1120,R_KNE_210,8.00
P001,C030,T_MWF_1530_1620,R_MUE_153,13.00
P003,C030,T_MWF_1530_1620,R_MUE_153,12.00
P004,C030,T_MWF_1530_1620,R_MUE_153,12.00
P008,C030,T_MWF_1530_1620,R_MUE_153,13.00
P012,C030,T_MWF_1530_1620,R_MUE_153,14.00
P015,C030,T_MWF_1530_1620,R_MUE_153,13.00
P017,C030,T_MWF_1530_1620,R_MUE_153,13.00
P020,C030,T_MWF_1530_1620,R_MUE_153,13.00
P022,C030,T_MWF_1530_1620,R_MUE_153,14.00
P026,C030,T_MWF_1530_1620,R_MUE_153,13.00
P027,C030,T_MWF_1530_1620,R_MUE_153,11.00
P029,C030,T_MWF_1530_1620,R_MUE_153,13.00
P034,C030,T_MWF_1530_1620,R_MUE_153,13.00
P039,C030,T_MWF_1530_1620,R_MUE_153,12.00
P040,C030,T_MWF_1530_1620,R_MUE_153,13.00
P041,C030,T_MWF_1530_1620,R_MUE_153,14.00
P048,C030,T_MWF_1530_1620,R_MUE_153,11.00
P050,C030,T_MWF_1530_1620,R_MUE_153,12.00
P055,C030,T_MWF_1530_1620,R_MUE_153,12.00
P057,C030,T_MWF_1530_1620,R_MUE_153,12.00
P058,C030,T_MWF_1530_1620,R_MUE_153,11.00
P059,C030,T_MWF_1530_1620,R_MUE_153,12.00
P062,C030,T_MWF_1530_1620,R_MUE_153,13.00
P063,C030,T_MWF_1530_1620,R_MUE_153,13.00
P064,C030,T_MWF_1530_1620,R_MUE_153,12.00
P068,C030,T_MWF_1530_1620,R_MUE_153,10.00
P071,C030,T_MWF_1530_1620,R_MUE_153,12.00
P074,C030,T_MWF_1530_1620,R_MUE_153,14.00
P075,C030,T_MWF_1530_1620,R_MUE_153,12.00
P077,C030,T_MWF_1530_1620,R_MUE_153,13.00
P092,C030,T_MWF_1530_1620,R_MUE_153,13.00
P093,C030,T_MWF_1530_1620,R_MUE_153,11.00
P094,C030,T_MWF_1530_1620,R_MUE_153,11.00
P097,C030,T_MWF_1530_1620,R_MUE_153,14.00
P101,C030,T_MWF_1530_1620,R_MUE_153,13.00
P004,C031,T_MWF_1330_1420,R_OTB_014,16.00
P005,C031,T_MWF_1330_1420,R_OTB_014,16.00
P008,C031,T_MWF_1330_1420,R_OTB_014,18.00
P010,C031,T_MWF_1330_1420,R_OTB_014,17.00
P012,C031,T_MWF_1330_1420,R_OTB_014,17.00
P017,C031,T_MWF_1330_1420,R_OTB_014,17.00
P018,C031,T_MWF_1330_1420,R_OTB_014,16.00
P020,C031,T_MWF_1330_1420,R_OTB_014,17.00
P021,C031,T_MWF_1330_1420,R_OTB_014,15.00
P022,C031,T_MWF_1330_1420,R_OTB_014,18.00
P026,C031,T_MWF_1330_1420,R_OTB_014,17.00
P027,C031,T_MWF_1330_1420,R_OTB_014,15.00
P028,C031,T_MWF_1330_1420,R_OTB_014,16.00
P029,C031,T_MWF_1330_1420,R_OTB_014,17.00
P032,C031,T_MWF_1330_1420,R_OTB_014,14.00
P039,C031,T_MWF_1330_1420,R_OTB_014,15.00
P040,C031,T_MWF_1330_1420,R_OTB_014,17.00
P041,C031,T_MWF_1330_1420,R_OTB_014,17.00
P042,C031,T_MWF_1330_1420,R_OTB_014,18.00
P047,C031,T_MWF_1330_1420,R_OTB_014,17.00
P049,C031,T_MWF_1330_1420,R_OTB_014,17.00
P050,C031,T_MWF_1330_1420,R_OTB_014,15.00
P051,C031,T_MWF_1330_1420,R_OTB_014,17.00
P053,C031,T_MWF_1330_1420,R_OTB_014,17.00
P055,C031,T_MWF_1330_1420,R_OTB_014,17.00
P057,C031,T_MWF_1330_1420,R_OTB_014,16.00
P058,C031,T_MWF_1330_1420,R_OTB_014,14.00
P061,C031,T_MWF_1330_1420,R_OTB_014,17.00
P062,C031,T_MWF_1330_1420,R_OTB_014,17.00
P063,C031,T_MWF_1330_1420,R_OTB_014,18.00
P064,C031,T_MWF_1330_1420,R_OTB_014,17.00
P071,C031,T_MWF_1330_1420,R_OTB_014,15.00
P072,C031,T_MWF_1330_1420,R_OTB_014,15.00
P074,C031,T_MWF_1330_1420,R_OTB_014,17.00
P078,C031,T_MWF_1330_1420,R_OTB_014,15.00
P085,C031,T_MWF_1330_1420,R_OTB_014,17.00
P087,C031,T_MWF_1330_1420,R_OTB_014,18.00
P091,C031,T_MWF_1330_1420,R_OTB_014,18.00
P093,C031,T_MWF_1330_1420,R_OTB_014,15.00
P094,C031,T_MWF_1330_1420,R_OTB_014,14.00
P100,C031,T_MWF_1330_1420,R_OTB_014,18.00
P004,C032,T_MWF_1330_1420,R_MGH_389,16.00
P005,C032,T_MWF_1330_1420,R_MGH_389,16.00
P008,C032,T_MWF_1330_1420,R_MGH_389,18.00
P010,C032,T_MWF_1330_1420,R_MGH_389,17.00
P012,C032,T_MWF_1330_1420,R_MGH_389,17.00
P017,C032,T_MWF_1330_1420,R_MGH_389,17.00
P018,C032,T_MWF_1330_1420,R_MGH_389,16.00
P020,C032,T_MWF_1330_1420,R_MGH_389,17.00
P021,C032,T_MWF_1330_1420,R_MGH_389,15.00
P022,C032,T_MWF_1330_1420,R_MGH_389,18.00
P026,C032,T_MWF_1330_1420,R_MGH_389,17.00
P027,C032,T_MWF_1330_1420,R_MGH_389,15.00
P028,C032,T_MWF_1330_1420,R_MGH_389,16.00
P029,C032,T_MWF_1330_1420,R_MGH_389,17.00
P032,C032,T_MWF_1330_1420,R_MGH_389,14.00
P039,C032,T_MWF_1330_1420,R_MGH_389,15.00
P040,C032,T_MWF_1330_1420,R_MGH_389,17.00
P041,C032,T_MWF_1330_1420,R_MGH_389,17.00
P042,C032,T_MWF_1330_1420,R_MGH_389,18.00
P047,C032,T_MWF_1330_1420,R_MGH_389,17.00
P049,C032,T_MWF_1330_1420,R_MGH_389,17.00
P050,C032,T_MWF_1330_1420,R_MGH_389,15.00
P051,C032,T_MWF_1330_1420,R_MGH_389,17.00
P053,C032,T_MWF_1330_1420,R_MGH_389,17.00
P055,C032,T_MWF_1330_1420,R_MGH_389,17.00
P057,C032,T_MWF_1330_1420,R_MGH_389,16.00
P058,C032,T_MWF_1330_1420,R_MGH_389,14.00
P061,C032,T_MWF_1330_1420,R_MGH_389,17.00
P062,C032,T_MWF_1330_1420,R_MGH_389,17.00
P063,C032,T_MWF_1330_1420,R_MGH_389,18.00
P064,C032,T_MWF_1330_1420,R_MGH_389,17.00
P071,C032,T_MWF_1330_1420,R_MGH_389,15.00
P072,C032,T_MWF_1330_1420,R_MGH_389,15.00
P074,C032,T_MWF_1330_1420,R_MGH_389,17.00
P078,C032,T_MWF_1330_1420,R_MGH_389,15.00
P085,C032,T_MWF_1330_1420,R_MGH_389,17.00
P087,C032,T_MWF_1330_1420,R_MGH_389,18.00
P091,C032,T_MWF_1330_1420,R_MGH_389,18.00
P093,C032,T_MWF_1330_1420,R_MGH_389,15.00
P094,C032,T_MWF_1330_1420,R_MGH_389,14.00
P100,C032,T_MWF_1330_1420,R_MGH_389,18.00
P004,C033,T_MW_1430_1550,R_OTB_014,15.00
P012,C033,T_MW_1430_1550,R_OTB_014,17.00
P015,C033,T_MW_1430_1550,R_OTB_014,16.00
P039,C033,T_MW_1430_1550,R_OTB_014,15.00
P040,C033,T_MW_1430_1550,R_OTB_014,18.00
P041,C033,T_MW_1430_1550,R_OTB_014,18.00
P050,C033,T_MW_1430_1550,R_OTB_014,15.00
P055,C033,T_MW_1430_1550,R_OTB_014,16.00
P057,C033,T_MW_1430_1550,R_OTB_014,14.00
P058,C033,T_MW_1430_1550,R_OTB_014,15.00
P059,C033,T_MW_1430_1550,R_OTB_014,15.00
P062,C033,T_MW_1430_1550,R_OTB_014,17.00
P063,C033,T_MW_1430_1550,R_OTB_014,17.00
P064,C033,T_MW_1430_1550,R_OTB_014,17.00
P068,C033,T_MW_1430_1550,R_OTB_014,16.00
P069,C033,T_MW_1430_1550,R_OTB_014,14.00
P071,C033,T_MW_1430_1550,R_OTB_014,16.00
P074,C033,T_MW_1430_1550,R_OTB_014,18.00
P077,C033,T_MW_1430_1550,R_OTB_014,18.00
P092,C033,T_MW_1430_1550,R_OTB_014,19.00
P093,C033,T_MW_1430_1550,R_OTB_014,15.00
P097,C033,T_MW_1430_1550,R_OTB_014,18.00
P101,C033,T_MW_1430_1550,R_OTB_014,16.00
P004,C034,T_TTH_1300_1420,R_MGH_389,10.00
P006,C034,T_TTH_1300_1420,R_MGH_389,13.00
P012,C034,T_TTH_1300_1420,R_MGH_389,14.00
P013,C034,T_TTH_1300_1420,R_MGH_389,13.00
P015,C034,T_TTH_1300_1420,R_MGH_389,14.00
P035,C034,T_TTH_1300_1420,R_MGH_389,12.00
P037,C034,T_TTH_1300_1420,R_MGH_389,12.00
P039,C034,T_TTH_1300_1420,R_MGH_389,11.00
P040,C034,T_TTH_1300_1420,R_MGH_389,13.00
P041,C034,T_TTH_1300_1420,R_MGH_389,14.00
P045,C034,T_TTH_1300_1420,R_MGH_389,12.00
P050,C034,T_TTH_1300_1420,R_MGH_389,10.00
P055,C034,T_TTH_1300_1420,R_MGH_389,13.00
P057,C034,T_TTH_1300_1420,R_MGH_389,12.00
P058,C034,T_TTH_1300_1420,R_MGH_389,10.00
P059,C034,T_TTH_1300_1420,R_MGH_389,12.00
P062,C034,T_TTH_1300_1420,R_MGH_389,14.00
P063,C034,T_TTH_1300_1420,R_MGH_389,14.00
P064,C034,T_TTH_1300_1420,R_MGH_389,12.00
P068,C034,T_TTH_1300_1420,R_MGH_389,11.00
P070,C034,T_TTH_1300_1420,R_MGH_389,11.00
P071,C034,T_TTH_1300_1420,R_MGH_389,11.00
P074,C034,T_TTH_1300_1420,R_MGH_389,13.00
P075,C034,T_TTH_1300_1420,R_MGH_389,12.00
P077,C034,T_TTH_1300_1420,R_MGH_389,13.00
P083,C034,T_TTH_1300_1420,R_MGH_389,14.00
P084,C034,T_TTH_1300_1420,R_MGH_389,14.00
P092,C034,T_TTH_1300_1420,R_MGH_389,14.00
P093,C034,T_TTH_1300_1420,R_MGH_389,12.00
P095,C034,T_TTH_1300_1420,R_MGH_389,13.00
P097,C034,T_TTH_1300_1420,R_MGH_389,15.00
P098,C034,T_TTH_1300_1420,R_MGH_389,13.00
P101,C034,T_TTH_1300_1420,R_MGH_389,14.00
P102,C034,T_TTH_1300_1420,R_MGH_389,12.00
P104,C034,T_TTH_1300_1420,R_MGH_389,12.00
P001,C035,T_MWF_0830_0920,R_PDL_C401,12.00
P003,C035,T_MWF_0830_0920,R_PDL_C401,14.00
P004,C035,T_MWF_0830_0920,R_PDL_C401,14.00
P005,C035,T_MWF_0830_0920,R_PDL_C401,14.00
P007,C035,T_MWF_0830_0920,R_PDL_C401,12.00
P008,C035,T_MWF_0830_0920,R_PDL_C401,14.00
P009,C035,T_MWF_0830_0920,R_PDL_C401,14.00
P010,C035,T_MWF_0830_0920,R_PDL_C401,13.00
P012,C035,T_MWF_0830_0920,R_PDL_C401,11.00
P017,C035,T_MWF_0830_0920,R_PDL_C401,12.00
P018,C035,T_MWF_0830_0920,R_PDL_C401,13.00
P020,C035,T_MWF_0830_0920,R_PDL_C401,13.00
P021,C035,T_MWF_0830_0920,R_PDL_C401,14.00
P022,C035,T_MWF_0830_0920,R_PDL_C401,11.00
P025,C035,T_MWF_0830_0920,R_PDL_C401,13.00
P027,C035,T_MWF_0830_0920,R_PDL_C401,13.00
P028,C035,T_MWF_0830_0920,R_PDL_C401,12.00
P029,C035,T_MWF_0830_0920,R_PDL_C401,12.00
P032,C035,T_MWF_0830_0920,R_PDL_C401,14.00
P037,C035,T_MWF_0830_0920,R_PDL_C401,13.00
P039,C035,T_MWF_0830_0920,R_PDL_C401,14.00
P040,C035,T_MWF_0830_0920,R_PDL_C401,11.00
P041,C035,T_MWF_0830_0920,R_PDL_C401,10.00
P042,C035,T_MWF_0830_0920,R_PDL_C401,11.00
P043,C035,T_MWF_0830_0920,R_PDL_C401,13.00
P044,C035,T_MWF_0830_0920,R_PDL_C401,11.00
P047,C035,T_MWF_0830_0920,R_PDL_C401,13.00
P048,C035,T_MWF_0830_0920,R_PDL_C401,14.00
P049,C035,T_MWF_0830_0920,R_PDL_C401,11.00
P050,C035,T_MWF_0830_0920,R_PDL_C401,14.00
P051,C035,T_MWF_0830_0920,R_PDL_C401,15.00
P053,C035,T_MWF_0830_0920,R_PDL_C401,13.00
P054,C035,T_MWF_0830_0920,R_PDL_C401,11.00
P055,C035,T_MWF_0830_0920,R_PDL_C401,12.00
P057,C035,T_MWF_0830_0920,R_PDL_C401,14.00
P058,C035,T_MWF_0830_0920,R_PDL_C401,14.00
P061,C035,T_MWF_0830_0920,R_PDL_C401,11.00
P062,C035,T_MWF_0830_0920,R_PDL_C401,14.00
P063,C035,T_MWF_0830_0920,R_PDL_C401,12.00
P064,C035,T_MWF_0830_0920,R_PDL_C401,13.00
P067,C035,T_MWF_0830_0920,R_PDL_C401,14.00
P069,C035,T_MWF_0830_0920,R_PDL_C401,14.00
P071,C035,T_MWF_0830_0920,R_PDL_C401,14.00
P072,C035,T_MWF_0830_0920,R_PDL_C401,14.00
P074,C035,T_MWF_0830_0920,R_PDL_C401,11.00
P075,C035,T_MWF_0830_0920,R_PDL_C401,12.00
P085,C035,T_MWF_0830_0920,R_PDL_C401,11.00
P087,C035,T_MWF_0830_0920,R_PDL_C401,11.00
P091,C035,T_MWF_0830_0920,R_PDL_C401,13.00
P093,C035,T_MWF_0830_0920,R_PDL_C401,15.00
P094,C035,T_MWF_0830_0920,R_PDL_C401,14.00
P095,C035,T_MWF_0830_0920,R_PDL_C401,13.00
P100,C035,T_MWF_0830_0920,R_PDL_C401,12.00
P002,C036,T_MWF_1130_1220,R_SMI_102,18.00
P005,C036,T_MWF_1130_1220,R_SMI_102,16.00
P008,C036,T_MWF_1130_1220,R_SMI_102,18.00
P010,C036,T_MWF_1130_1220,R_SMI_102,18.00
P012,C036,T_MWF_1130_1220,R_SMI_102,16.00
P016,C036,T_MWF_1130_1220,R_SMI_102,18.00
P017,C036,T_MWF_1130_1220,R_SMI_102,18.00
P020,C036,T_MWF_1130_1220,R_SMI_102,17.00
P021,C036,T_MWF_1130_1220,R_SMI_102,18.00
P025,C036,T_MWF_1130_1220,R_SMI_102,16.00
P028,C036,T_MWF_1130_1220,R_SMI_102,18.00
P029,C036,T_MWF_1130_1220,R_SMI_102,18.00
P032,C036,T_MWF_1130_1220,R_SMI_102,18.00
P038,C036,T_MWF_1130_1220,R_SMI_102,17.00
P039,C036,T_MWF_1130_1220,R_SMI_102,18.00
P040,C036,T_MWF_1130_1220,R_SMI_102,18.00
P041,C036,T_MWF_1130_1220,R_SMI_102,18.00
P047,C036,T_MWF_1130_1220,R_SMI_102,18.00
P050,C036,T_MWF_1130_1220,R_SMI_102,17.00
P051,C036,T_MWF_1130_1220,R_SMI_102,19.00
P052,C036,T_MWF_1130_1220,R_SMI_102,18.00
P053,C036,T_MWF_1130_1220,R_SMI_102,18.00
P055,C036,T_MWF_1130_1220,R_SMI_102,18.00
P057,C036,T_MWF_1130_1220,R_SMI_102,18.00
P058,C036,T_MWF_1130_1220,R_SMI_102,17.00
P061,C036,T_MWF_1130_1220,R_SMI_102,17.00
P062,C036,T_MWF_1130_1220,R_SMI_102,17.00
P063,C036,T_MWF_1130_1220,R_SMI_102,17.00
P064,C036,T_MWF_1130_1220,R_SMI_102,18.00
P071,C036,T_MWF_1130_1220,R_SMI_102,18.00
P074,C036,T_MWF_1130_1220,R_SMI_102,16.00
P080,C036,T_MWF_1130_1220,R_SMI_102,18.00
P089,C036,T_MWF_1130_1220,R_SMI_102,18.00
P091,C036,T_MWF_1130_1220,R_SMI_102,18.00
P093,C036,T_MWF_1130_1220,R_SMI_102,16.00
P096,C036,T_MWF_1130_1220,R_SMI_102,16.00
P099,C036,T_MWF_1130_1220,R_SMI_102,18.00
P007,C037,T_TTH_1430_1550,R_SAV_260,18.00
P009,C037,T_TTH_1430_1550,R_SAV_260,15.00
P010,C037,T_TTH_1430_1550,R_SAV_260,18.00
P012,C037,T_TTH_1430_1550,R_SAV_260,17.00
P025,C037,T_TTH_1430_1550,R_SAV_260,15.00
P037,C037,T_TTH_1430_1550,R_SAV_260,17.00
P039,C037,T_TTH_1430_1550,R_SAV_260,15.00
P040,C037,T_TTH_1430_1550,R_SAV_260,17.00
P041,C037,T_TTH_1430_1550,R_SAV_260,17.00
P043,C037,T_TTH_1430_1550,R_SAV_260,17.00
P044,C037,T_TTH_1430_1550,R_SAV_260,17.00
P050,C037,T_TTH_1430_1550,R_SAV_260,16.00
P051,C037,T_TTH_1430_1550,R_SAV_260,16.00
P054,C037,T_TTH_1430_1550,R_SAV_260,18.00
P055,C037,T_TTH_1430_1550,R_SAV_260,17.00
P057,C037,T_TTH_1430_1550,R_SAV_260,14.00
P058,C037,T_TTH_1430_1550,R_SAV_260,15.00
P061,C037,T_TTH_1430_1550,R_SAV_260,18.00
P062,C037,T_TTH_1430_1550,R_SAV_260,17.00
P063,C037,T_TTH_1430_1550,R_SAV_260,17.00
P064,C037,T_TTH_1430_1550,R_SAV_260,17.00
P067,C037,T_TTH_1430_1550,R_SAV_260,15.00
P069,C037,T_TTH_1430_1550,R_SAV_260,16.00
P071,C037,T_TTH_1430_1550,R_SAV_260,14.00
P074,C037,T_TTH_1430_1550,R_SAV_260,17.00
P087,C037,T_TTH_1430_1550,R_SAV_260,18.00
P093,C037,T_TTH_1430_1550,R_SAV_260,15.00
P095,C037,T_TTH_1430_1550,R_SAV_260,18.00
P012,C038,T_TTH_1600_1720,R_PDL_C038,12.00
P039,C038,T_TTH_1600_1720,R_PDL_C038,10.00
P040,C038,T_TTH_1600_1720,R_PDL_C038,11.00
P041,C038,T_TTH_1600_1720,R_PDL_C038,12.00
P050,C038,T_TTH_1600_1720,R_PDL_C038,11.00
P055,C038,T_TTH_1600_1720,R_PDL_C038,12.00
P057,C038,T_TTH_1600_1720,R_PDL_C038,10.00
P058,C038,T_TTH_1600_1720,R_PDL_C038,10.00
P062,C038,T_TTH_1600_1720,R_PDL_C038,12.00
P063,C038,T_TTH_1600_1720,R_PDL_C038,13.00
P064,C038,T_TTH_1600_1720,R_PDL_C038,11.00
P071,C038,T_TTH_1600_1720,R_PDL_C038,10.00
P074,C038,T_TTH_1600_1720,R_PDL_C038,11.00
P001,C039,T_TTH_0830_0950,R_GUG_220,15.00
P004,C039,T_TTH_0830_0950,R_GUG_220,15.00
P012,C039,T_TTH_0830_0950,R_GUG_220,14.00
P017,C039,T_TTH_0830_0950,R_GUG_220,14.00
P018,C039,T_TTH_0830_0950,R_GUG_220,15.00
P019,C039,T_TTH_0830_0950,R_GUG_220,14.00
P022,C039,T_TTH_0830_0950,R_GUG_220,14.00
P026,C039,T_TTH_0830_0950,R_GUG_220,14.00
P027,C039,T_TTH_0830_0950,R_GUG_220,16.00
P030,C039,T_TTH_0830_0950,R_GUG_220,15.00
P032,C039,T_TTH_0830_0950,R_GUG_220,16.00
P033,C039,T_TTH_0830_0950,R_GUG_220,16.00
P039,C039,T_TTH_0830_0950,R_GUG_220,16.00
P040,C039,T_TTH_0830_0950,R_GUG_220,13.00
P041,C039,T_TTH_0830_0950,R_GUG_220,13.00
P042,C039,T_TTH_0830_0950,R_GUG_220,15.00
P046,C039,T_TTH_0830_0950,R_GUG_220,15.00
P048,C039,T_TTH_0830_0950,R_GUG_220,15.00
P049,C039,T_TTH_0830_0950,R_GUG_220,12.00
P050,C039,T_TTH_0830_0950,R_GUG_220,16.00
P055,C039,T_TTH_0830_0950,R_GUG_220,15.00
P057,C039,T_TTH_0830_0950,R_GUG_220,16.00
P058,C039,T_TTH_0830_0950,R_GUG_220,16.00
P062,C039,T_TTH_0830_0950,R_GUG_220,15.00
P063,C039,T_TTH_0830_0950,R_GUG_220,13.00
P064,C039,T_TTH_0830_0950,R_GUG_220,15.00
P071,C039,T_TTH_0830_0950,R_GUG_220,16.00
P072,C039,T_TTH_0830_0950,R_GUG_220,16.00
P073,C039,T_TTH_0830_0950,R_GUG_220,14.00
P074,C039,T_TTH_0830_0950,R_GUG_220,14.00
P082,C039,T_TTH_0830_0950,R_GUG_220,15.00
P085,C039,T_TTH_0830_0950,R_GUG_220,14.00
P091,C039,T_TTH_0830_0950,R_GUG_220,14.00
P100,C039,T_TTH_0830_0950,R_GUG_220,13.00
P103,C039,T_TTH_0830_0950,R_GUG_220,14.00
P002,C040,T_TTH_1430_1550,R_KNE_210,16.00
P016,C040,T_TTH_1430_1550,R_KNE_210,16.00
P025,C040,T_TTH_1430_1550,R_KNE_210,14.00
P038,C040,T_TTH_1430_1550,R_KNE_210,14.00
P052,C040,T_TTH_1430_1550,R_KNE_210,16.00
P080,C040,T_TTH_1430_1550,R_KNE_210,15.00
P089,C040,T_TTH_1430_1550,R_KNE_210,15.00
P096,C040,T_TTH_1430_1550,R_KNE_210,16.00
P099,C040,T_TTH_1430_1550,R_KNE_210,15.00
P004,C041,T_MWF_1030_1120,R_LOW_206,13.00
P015,C041,T_MWF_1030_1120,R_LOW_206,14.00
P059,C041,T_MWF_1030_1120,R_LOW_206,14.00
P068,C041,T_MWF_1030_1120,R_LOW_206,14.00
P069,C041,T_MWF_1030_1120,R_LOW_206,13.00
P077,C041,T_MWF_1030_1120,R_LOW_206,14.00
P092,C041,T_MWF_1030_1120,R_LOW_206,14.00
P093,C041,T_MWF_1030_1120,R_LOW_206,12.00
P097,C041,T_MWF_1030_1120,R_LOW_206,12.00
P101,C041,T_MWF_1030_1120,R_LOW_206,13.00
P004,C042,T_MWF_1330_1420,R_MGH_389,12.00
P015,C042,T_MWF_1330_1420,R_MGH_389,13.00
P037,C042,T_MWF_1330_1420,R_MGH_389,13.00
P045,C042,T_MWF_1330_1420,R_MGH_389,13.00
P059,C042,T_MWF_1330_1420,R_MGH_389,11.00
P068,C042,T_MWF_1330_1420,R_MGH_389,10.00
P077,C042,T_MWF_1330_1420,R_MGH_389,15.00
P083,C042,T_MWF_1330_1420,R_MGH_389,14.00
P092,C042,T_MWF_1330_1420,R_MGH_389,13.00
P093,C042,T_MWF_1330_1420,R_MGH_389,11.00
P095,C042,T_MWF_1330_1420,R_MGH_389,12.00
P097,C042,T_MWF_1330_1420,R_MGH_389,14.00
P101,C042,T_MWF_1330_1420,R_MGH_389,13.00
P001,C043,T_MWF_1030_1120,R_AND_205,13.00
P003,C043,T_MWF_1030_1120,R_AND_205,13.00
P008,C043,T_MWF_1030_1120,R_AND_205,13.00
P017,C043,T_MWF_1030_1120,R_AND_205,13.00
P020,C043,T_MWF_1030_1120,R_AND_205,13.00
P048,C043,T_MWF_1030_1120,R_AND_205,13.00
P075,C043,T_MWF_1030_1120,R_AND_205,13.00
P090,C043,T_MWF_1030_1120,R_AND_205,13.00
P094,C043,T_MWF_1030_1120,R_AND_205,13.00
P001,C044,T_MWF_1030_1120,R_LOW_206,14.00
P003,C044,T_MWF_1030_1120,R_LOW_206,14.00
P008,C044,T_MWF_1030_1120,R_LOW_206,15.00
P012,C044,T_MWF_1030_1120,R_LOW_206,13.00
P017,C044,T_MWF_1030_1120,R_LOW_206,14.00
P020,C044,T_MWF_1030_1120,R_LOW_206,14.00
P022,C044,T_MWF_1030_1120,R_LOW_206,13.00
P026,C044,T_MWF_1030_1120,R_LOW_206,13.00
P032,C044,T_MWF_1030_1120,R_LOW_206,14.00
P039,C044,T_MWF_1030_1120,R_LOW_206,13.00
P040,C044,T_MWF_1030_1120,R_LOW_206,13.00
P041,C044,T_MWF_1030_1120,R_LOW_206,14.00
P048,C044,T_MWF_1030_1120,R_LOW_206,13.00
P050,C044,T_MWF_1030_1120,R_LOW_206,14.00
P055,C044,T_MWF_1030_1120,R_LOW_206,14.00
P057,C044,T_MWF_1030_1120,R_LOW_206,13.00
P058,C044,T_MWF_1030_1120,R_LOW_206,13.00
P062,C044,T_MWF_1030_1120,R_LOW_206,14.00
P063,C044,T_MWF_1030_1120,R_LOW_206,12.00
P064,C044,T_MWF_1030_1120,R_LOW_206,14.00
P071,C044,T_MWF_1030_1120,R_LOW_206,14.00
P074,C044,T_MWF_1030_1120,R_LOW_206,12.00
P075,C044,T_MWF_1030_1120,R_LOW_206,14.00
P078,C044,T_MWF_1030_1120,R_LOW_206,13.00
P087,C044,T_MWF_1030_1120,R_LOW_206,14.00
P094,C044,T_MWF_1030_1120,R_LOW_206,14.00
P005,C045,T_MWF_1230_1320,R_OTB_014,13.00
P008,C045,T_MWF_1230_1320,R_OTB_014,14.00
P010,C045,T_MWF_1230_1320,R_OTB_014,14.00
P017,C045,T_MWF_1230_1320,R_OTB_014,14.00
P020,C045,T_MWF_1230_1320,R_OTB_014,14.00
P021,C045,T_MWF_1230_1320,R_OTB_014,13.00
P028,C045,T_MWF_1230_1320,R_OTB_014,14.00
P029,C045,T_MWF_1230_1320,R_OTB_014,14.00
P032,C045,T_MWF_1230_1320,R_OTB_014,12.00
P047,C045,T_MWF_1230_1320,R_OTB_014,14.00
P051,C045,T_MWF_1230_1320,R_OTB_014,15.00
P053,C045,T_MWF_1230_1320,R_OTB_014,14.00
P061,C045,T_MWF_1230_1320,R_OTB_014,13.00
P091,C045,T_MWF_1230_1320,R_OTB_014,13.00
P093,C045,T_MWF_1230_1320,R_OTB_014,14.00
P007,C046,T_MWF_1430_1520,R_MEB_248,12.00
P009,C046,T_MWF_1430_1520,R_MEB_248,12.00
P010,C046,T_MWF_1430_1520,R_MEB_248,14.00
P025,C046,T_MWF_1430_1520,R_MEB_248,10.00
P037,C046,T_MWF_1430_1520,R_MEB_248,13.00
P043,C046,T_MWF_1430_1520,R_MEB_248,14.00
P044,C046,T_MWF_1430_1520,R_MEB_248,14.00
P051,C046,T_MWF_1430_1520,R_MEB_248,13.00
P054,C046,T_MWF_1430_1520,R_MEB_248,13.00
P061,C046,T_MWF_1430_1520,R_MEB_248,14.00
P067,C046,T_MWF_1430_1520,R_MEB_248,10.00
P069,C046,T_MWF_1430_1520,R_MEB_248,12.00
P087,C046,T_MWF_1430_1520,R_MEB_248,14.00
P093,C046,T_MWF_1430_1520,R_MEB_248,11.00
P095,C046,T_MWF_1430_1520,R_MEB_248,14.00
P001,C047,T_TTH_0830_0950,R_PDL_C038,14.00
P005,C047,T_TTH_0830_0950,R_PDL_C038,14.00
P017,C047,T_TTH_0830_0950,R_PDL_C038,13.00
P019,C047,T_TTH_0830_0950,R_PDL_C038,13.00
P023,C047,T_TTH_0830_0950,R_PDL_C038,11.00
P026,C047,T_TTH_0830_0950,R_PDL_C038,12.00
P027,C047,T_TTH_0830_0950,R_PDL_C038,13.00
P030,C047,T_TTH_0830_0950,R_PDL_C038,13.00
P032,C047,T_TTH_0830_0950,R_PDL_C038,14.00
P033,C047,T_TTH_0830_0950,R_PDL_C038,14.00
P039,C047,T_TTH_0830_0950,R_PDL_C038,14.00
P040,C047,T_TTH_0830_0950,R_PDL_C038,11.00
P041,C047,T_TTH_0830_0950,R_PDL_C038,11.00
P042,C047,T_TTH_0830_0950,R_PDL_C038,12.00
P046,C047,T_TTH_0830_0950,R_PDL_C038,13.00
P048,C047,T_TTH_0830_0950,R_PDL_C038,13.00
P049,C047,T_TTH_0830_0950,R_PDL_C038,10.00
P050,C047,T_TTH_0830_0950,R_PDL_C038,14.00
P053,C047,T_TTH_0830_0950,R_PDL_C038,11.00
P055,C047,T_TTH_0830_0950,R_PDL_C038,13.00
P057,C047,T_TTH_0830_0950,R_PDL_C038,14.00
P058,C047,T_TTH_0830_0950,R_PDL_C038,14.00
P062,C047,T_TTH_0830_0950,R_PDL_C038,13.00
P063,C047,T_TTH_0830_0950,R_PDL_C038,11.00
P064,C047,T_TTH_0830_0950,R_PDL_C038,13.00
P071,C047,T_TTH_0830_0950,R_PDL_C038,14.00
P073,C047,T_TTH_0830_0950,R_PDL_C038,12.00
P074,C047,T_TTH_0830_0950,R_PDL_C038,12.00
P082,C047,T_TTH_0830_0950,R_PDL_C038,14.00
P091,C047,T_TTH_0830_0950,R_PDL_C038,12.00
P099,C047,T_TTH_0830_0950,R_PDL_C038,14.00
P100,C047,T_TTH_0830_0950,R_PDL_C038,11.00
P103,C047,T_TTH_0830_0950,R_PDL_C038,12.00
P001,C048,T_MWF_1530_1620,R_LOW_206,13.00
P005,C048,T_MWF_1530_1620,R_LOW_206,10.00
P011,C048,T_MWF_1530_1620,R_LOW_206,12.00
P017,C048,T_MWF_1530_1620,R_LOW_206,13.00
P019,C048,T_MWF_1530_1620,R_LOW_206,14.00
P024,C048,T_MWF_1530_1620,R_LOW_206,13.00
P026,C048,T_MWF_1530_1620,R_LOW_206,14.00
P027,C048,T_MWF_1530_1620,R_LOW_206,11.00
P030,C048,T_MWF_1530_1620,R_LOW_206,15.00
P032,C048,T_MWF_1530_1620,R_LOW_206,12.00
P033,C048,T_MWF_1530_1620,R_LOW_206,15.00
P039,C048,T_MWF_1530_1620,R_LOW_206,12.00
P040,C048,T_MWF_1530_1620,R_LOW_206,13.00
P041,C048,T_MWF_1530_1620,R_LOW_206,14.00
P042,C048,T_MWF_1530_1620,R_LOW_206,13.00
P046,C048,T_MWF_1530_1620,R_LOW_206,11.00
P048,C048,T_MWF_1530_1620,R_LOW_206,12.00
P050,C048,T_MWF_1530_1620,R_LOW_206,12.00
P055,C048,T_MWF_1530_1620,R_LOW_206,12.00
P057,C048,T_MWF_1530_1620,R_LOW_206,12.00
P058,C048,T_MWF_1530_1620,R_LOW_206,11.00
P062,C048,T_MWF_1530_1620,R_LOW_206,13.00
P063,C048,T_MWF_1530_1620,R_LOW_206,13.00
P064,C048,T_MWF_1530_1620,R_LOW_206,12.00
P069,C048,T_MWF_1530_1620,R_LOW_206,12.00
P071,C048,T_MWF_1530_1620,R_LOW_206,12.00
P073,C048,T_MWF_1530_1620,R_LOW_206,14.00
P074,C048,T_MWF_1530_1620,R_LOW_206,14.00
P079,C048,T_MWF_1530_1620,R_LOW_206,13.00
P082,C048,T_MWF_1530_1620,R_LOW_206,15.00
P088,C048,T_MWF_1530_1620,R_LOW_206,13.00
P091,C048,T_MWF_1530_1620,R_LOW_206,12.00
P103,C048,T_MWF_1530_1620,R_LOW_206,14.00
P002,C049,T_TTH_0830_0950,R_LOW_113,11.00
P005,C049,T_TTH_0830_0950,R_LOW_113,14.00
P008,C049,T_TTH_0830_0950,R_LOW_113,12.00
P010,C049,T_TTH_0830_0950,R_LOW_113,13.00
P016,C049,T_TTH_0830_0950,R_LOW_113,12.00
P017,C049,T_TTH_0830_0950,R_LOW_113,12.00
P020,C049,T_TTH_0830_0950,R_LOW_113,13.00
P021,C049,T_TTH_0830_0950,R_LOW_113,13.00
P025,C049,T_TTH_0830_0950,R_LOW_113,14.00
P028,C049,T_TTH_0830_0950,R_LOW_113,12.00
P029,C049,T_TTH_0830_0950,R_LOW_113,11.00
P032,C049,T_TTH_0830_0950,R_LOW_113,14.00
P038,C049,T_TTH_0830_0950,R_LOW_113,14.00
P047,C049,T_TTH_0830_0950,R_LOW_113,13.00
P051,C049,T_TTH_0830_0950,R_LOW_113,14.00
P052,C049,T_TTH_0830_0950,R_LOW_113,13.00
P053,C049,T_TTH_0830_0950,R_LOW_113,11.00
P061,C049,T_TTH_0830_0950,R_LOW_113,11.00
P080,C049,T_TTH_0830_0950,R_LOW_113,12.00
P089,C049,T_TTH_0830_0950,R_LOW_113,13.00
P091,C049,T_TTH_0830_0950,R_LOW_113,11.00
P093,C049,T_TTH_0830_0950,R_LOW_113,14.00
P096,C049,T_TTH_0830_0950,R_LOW_113,10.00
P099,C049,T_TTH_0830_0950,R_LOW_113,14.00
P004,C050,T_TTH_1430_1550,R_PDL_C038,12.00
P007,C050,T_TTH_1430_1550,R_PDL_C038,14.00
P009,C050,T_TTH_1430_1550,R_PDL_C038,11.00
P010,C050,T_TTH_1430_1550,R_PDL_C038,13.00
P015,C050,T_TTH_1430_1550,R_PDL_C038,14.00
P025,C050,T_TTH_1430_1550,R_PDL_C038,11.00
P037,C050,T_TTH_1430_1550,R_PDL_C038,13.00
P043,C050,T_TTH_1430_1550,R_PDL_C038,13.00
P044,C050,T_TTH_1430_1550,R_PDL_C038,13.00
P051,C050,T_TTH_1430_1550,R_PDL_C038,12.00
P054,C050,T_TTH_1430_1550,R_PDL_C038,14.00
P059,C050,T_TTH_1430_1550,R_PDL_C038,10.00
P061,C050,T_TTH_1430_1550,R_PDL_C038,14.00
P067,C050,T_TTH_1430_1550,R_PDL_C038,11.00
P068,C050,T_TTH_1430_1550,R_PDL_C038,10.00
P069,C050,T_TTH_1430_1550,R_PDL_C038,12.00
P077,C050,T_TTH_1430_1550,R_PDL_C038,14.00
P087,C050,T_TTH_1430_1550,R_PDL_C038,14.00
P092,C050,T_TTH_1430_1550,R_PDL_C038,14.00
P093,C050,T_TTH_1430_1550,R_PDL_C038,12.00
P095,C050,T_TTH_1430_1550,R_PDL_C038,14.00
P097,C050,T_TTH_1430_1550,R_PDL_C038,13.00
P101,C050,T_TTH_1430_1550,R_PDL_C038,12.00
P004,C051,T_TTH_1300_1420,R_MEB_248,10.00
P015,C051,T_TTH_1300_1420,R_MEB_248,13.00
P059,C051,T_TTH_1300_1420,R_MEB_248,12.00
P068,C051,T_TTH_1300_1420,R_MEB_248,12.00
P069,C051,T_TTH_1300_1420,R_MEB_248,12.00
P077,C051,T_TTH_1300_1420,R_MEB_248,12.00
P092,C051,T_TTH_1300_1420,R_MEB_248,14.00
P093,C051,T_TTH_1300_1420,R_MEB_248,11.00
P097,C051,T_TTH_1300_1420,R_MEB_248,14.00
P101,C051,T_TTH_1300_1420,R_MEB_248,13.00
P004,C052,T_TTH_1430_1550,R_PDL_C401,12.00
P015,C052,T_TTH_1430_1550,R_PDL_C401,14.00
P037,C052,T_TTH_1430_1550,R_PDL_C401,13.00
P045,C052,T_TTH_1430_1550,R_PDL_C401,13.00
P059,C052,T_TTH_1430_1550,R_PDL_C401,10.00
P068,C052,T_TTH_1430_1550,R_PDL_C401,10.00
P077,C052,T_TTH_1430_1550,R_PDL_C401,15.00
P083,C052,T_TTH_1430_1550,R_PDL_C401,13.00
P092,C052,T_TTH_1430_1550,R_PDL_C401,14.00
P093,C052,T_TTH_1430_1550,R_PDL_C401,11.00
P095,C052,T_TTH_1430_1550,R_PDL_C401,14.00
P097,C052,T_TTH_1430_1550,R_PDL_C401,13.00
P101,C052,T_TTH_1430_1550,R_PDL_C401,12.00
P001,C053,T_TTH_1000_1120,R_LOW_206,14.00
P003,C053,T_TTH_1000_1120,R_LOW_206,14.00
P008,C053,T_TTH_1000_1120,R_LOW_206,14.00
P017,C053,T_TTH_1000_1120,R_LOW_206,14.00
P020,C053,T_TTH_1000_1120,R_LOW_206,14.00
P048,C053,T_TTH_1000_1120,R_LOW_206,14.00
P075,C053,T_TTH_1000_1120,R_LOW_206,14.00
P090,C053,T_TTH_1000_1120,R_LOW_206,14.00
P094,C053,T_TTH_1000_1120,R_LOW_206,15.00
P001,C054,T_TTH_1000_1120,R_MEB_248,14.00
P003,C054,T_TTH_1000_1120,R_MEB_248,14.00
P008,C054,T_TTH_1000_1120,R_MEB_248,14.00
P014,C054,T_TTH_1000_1120,R_MEB_248,13.00
P017,C054,T_TTH_1000_1120,R_MEB_248,14.00
P020,C054,T_TTH_1000_1120,R_MEB_248,14.00
P031,C054,T_TTH_1000_1120,R_MEB_248,14.00
P035,C054,T_TTH_1000_1120,R_MEB_248,13.00
P048,C054,T_TTH_1000_1120,R_MEB_248,13.00
P066,C054,T_TTH_1000_1120,R_MEB_248,14.00
P070,C054,T_TTH_1000_1120,R_MEB_248,13.00
P075,C054,T_TTH_1000_1120,R_MEB_248,15.00
P094,C054,T_TTH_1000_1120,R_MEB_248,14.00
P102,C054,T_TTH_1000_1120,R_MEB_248,13.00
P104,C054,T_TTH_1000_1120,R_MEB_248,14.00
P001,C055,T_TTH_1600_1720,R_LOW_113,13.00
P003,C055,T_TTH_1600_1720,R_LOW_113,13.00
P008,C055,T_TTH_1600_1720,R_LOW_113,13.00
P017,C055,T_TTH_1600_1720,R_LOW_113,11.00
P020,C055,T_TTH_1600_1720,R_LOW_113,12.00
P048,C055,T_TTH_1600_1720,R_LOW_113,10.00
P075,C055,T_TTH_1600_1720,R_LOW_113,10.00
P094,C055,T_TTH_1600_1720,R_LOW_113,10.00
P012,C056,T_W_1500_1650,R_SMI_102,11.00
P039,C056,T_W_1500_1650,R_SMI_102,10.00
P040,C056,T_W_1500_1650,R_SMI_102,11.00
P041,C056,T_W_1500_1650,R_SMI_102,11.00
P050,C056,T_W_1500_1650,R_SMI_102,10.00
P055,C056,T_W_1500_1650,R_SMI_102,10.00
P057,C056,T_W_1500_1650,R_SMI_102,11.00
P058,C056,T_W_1500_1650,R_SMI_102,11.00
P062,C056,T_W_1500_1650,R_SMI_102,12.00
P063,C056,T_W_1500_1650,R_SMI_102,13.00
P064,C056,T_W_1500_1650,R_SMI_102,11.00
P071,C056,T_W_1500_1650,R_SMI_102,10.00
P074,C056,T_W_1500_1650,R_SMI_102,11.00
P006,C057,T_MW_1000_1120,R_PDL_C038,13.00
P013,C057,T_MW_1000_1120,R_PDL_C038,14.00
P015,C057,T_MW_1000_1120,R_PDL_C038,14.00
P031,C057,T_MW_1000_1120,R_PDL_C038,14.00
P035,C057,T_MW_1000_1120,R_PDL_C038,14.00
P070,C057,T_MW_1000_1120,R_PDL_C038,14.00
P075,C057,T_MW_1000_1120,R_PDL_C038,14.00
P084,C057,T_MW_1000_1120,R_PDL_C038,13.00
P092,C057,T_MW_1000_1120,R_PDL_C038,13.00
P093,C057,T_MW_1000_1120,R_PDL_C038,12.00
P097,C057,T_MW_1000_1120,R_PDL_C038,13.00
P098,C057,T_MW_1000_1120,R_PDL_C038,15.00
P101,C057,T_MW_1000_1120,R_PDL_C038,13.00
P102,C057,T_MW_1000_1120,R_PDL_C038,14.00
P104,C057,T_MW_1000_1120,R_PDL_C038,14.00
P006,C058,T_MWF_1530_1620,R_LOW_206,13.00
P037,C058,T_MWF_1530_1620,R_LOW_206,14.00
P060,C058,T_MWF_1530_1620,R_LOW_206,13.00
P077,C058,T_MWF_1530_1620,R_LOW_206,13.00
P007,C059,T_W_1500_1650,R_SMI_102,12.00
P009,C059,T_W_1500_1650,R_SMI_102,11.00
P010,C059,T_W_1500_1650,R_SMI_102,12.00
P025,C059,T_W_1500_1650,R_SMI_102,10.00
P037,C059,T_W_1500_1650,R_SMI_102,12.00
P043,C059,T_W_1500_1650,R_SMI_102,13.00
P044,C059,T_W_1500_1650,R_SMI_102,12.00
P051,C059,T_W_1500_1650,R_SMI_102,12.00
P054,C059,T_W_1500_1650,R_SMI_102,11.00
P061,C059,T_W_1500_1650,R_SMI_102,12.00
P067,C059,T_W_1500_1650,R_SMI_102,10.00
P069,C059,T_W_1500_1650,R_SMI_102,10.00
P087,C059,T_W_1500_1650,R_SMI_102,12.00
P093,C059,T_W_1500_1650,R_SMI_102,10.00
P095,C059,T_W_1500_1650,R_SMI_102,10.00
