professor_id,timeslot_id,available,time_pref_score
P001,T_MWF_0830_0920,1,4
P001,T_MWF_0930_1020,1,5
P001,T_MWF_1030_1120,1,5
P001,T_MWF_1130_1220,1,5
P001,T_MWF_1230_1320,1,5
P001,T_MWF_1330_1420,1,4
P001,T_MWF_1430_1520,1,4
P001,T_MWF_1530_1620,1,4
P001,T_TTH_0830_0950,1,3
P001,T_TTH_1000_1120,1,4
P001,T_TTH_1130_1250,1,5
P001,T_TTH_1300_1420,1,3
P001,T_TTH_1430_1550,1,4
P001,T_TTH_1600_1720,1,4
P001,T_MW_1000_1120,1,5
P001,T_MW_1430_1550,1,3
P001,T_F_1530_1720,1,3
P001,T_W_1500_1650,1,4
P002,T_MWF_0830_0920,1,1
P002,T_MWF_0930_1020,1,2
P002,T_MWF_1030_1120,1,3
P002,T_MWF_1130_1220,1,3
P002,T_MWF_1230_1320,1,5
P002,T_MWF_1330_1420,1,4
P002,T_MWF_1430_1520,1,5
P002,T_MWF_1530_1620,1,4
P002,T_TTH_0830_0950,1,1
P002,T_TTH_1000_1120,1,4
P002,T_TTH_1130_1250,1,4
P002,T_TTH_1300_1420,1,5
P002,T_TTH_1430_1550,1,5
P002,T_TTH_1600_1720,1,4
P002,T_MW_1000_1120,1,5
P002,T_MW_1430_1550,1,5
P002,T_F_1530_1720,1,4
P002,T_W_1500_1650,1,4
P003,T_MWF_0830_0920,1,4
P003,T_MWF_0930_1020,1,5
P003,T_MWF_1030_1120,1,5
P003,T_MWF_1130_1220,1,5
P003,T_MWF_1230_1320,1,5
P003,T_MWF_1330_1420,1,5
P003,T_MWF_1430_1520,1,4
P003,T_MWF_1530_1620,1,4
P003,T_TTH_0830_0950,1,4
P003,T_TTH_1000_1120,1,5
P003,T_TTH_1130_1250,1,5
P003,T_TTH_1300_1420,1,3
P003,T_TTH_1430_1550,1,4
P003,T_TTH_1600_1720,1,3
P003,T_MW_1000_1120,1,4
P003,T_MW_1430_1550,1,4
P003,T_F_1530_1720,1,3
P003,T_W_1500_1650,1,3
P004,T_MWF_0830_0920,1,4
P004,T_MWF_0930_1020,1,4
P004,T_MWF_1030_1120,1,5
P004,T_MWF_1130_1220,1,5
P004,T_MWF_1230_1320,1,5
P004,T_MWF_1330_1420,1,5
P004,T_MWF_1430_1520,1,4
P004,T_MWF_1530_1620,1,4
P004,T_TTH_0830_0950,1,3
P004,T_TTH_1000_1120,1,5
P004,T_TTH_1130_1250,1,4
P004,T_TTH_1300_1420,1,4
P004,T_TTH_1430_1550,1,4
P004,T_TTH_1600_1720,1,3
P004,T_MW_1000_1120,1,5
P004,T_MW_1430_1550,1,5
P004,T_F_1530_1720,1,3
P004,T_W_1500_1650,1,4
P005,T_MWF_0830_0920,1,3
P005,T_MWF_0930_1020,1,2
P005,T_MWF_1030_1120,1,5
P005,T_MWF_1130_1220,1,4
P005,T_MWF_1230_1320,1,5
P005,T_MWF_1330_1420,1,4
P005,T_MWF_1430_1520,1,4
P005,T_MWF_1530_1620,1,3
P005,T_TTH_0830_0950,1,4
P005,T_TTH_1000_1120,1,4
P005,T_TTH_1130_1250,1,5
P005,T_TTH_1300_1420,1,5
P005,T_TTH_1430_1550,1,5
P005,T_TTH_1600_1720,1,1
P005,T_MW_1000_1120,1,5
P005,T_MW_1430_1550,1,3
P005,T_F_1530_1720,1,2
P005,T_W_1500_1650,1,3
P006,T_MWF_0830_0920,1,5
P006,T_MWF_0930_1020,1,5
P006,T_MWF_1030_1120,1,5
P006,T_MWF_1130_1220,1,5
P006,T_MWF_1230_1320,1,4
P006,T_MWF_1330_1420,1,3
P006,T_MWF_1430_1520,1,3
P006,T_MWF_1530_1620,1,3
P006,T_TTH_0830_0950,1,5
P006,T_TTH_1000_1120,1,5
P006,T_TTH_1130_1250,1,5
P006,T_TTH_1300_1420,1,4
P006,T_TTH_1430_1550,1,3
P006,T_TTH_1600_1720,1,3
P006,T_MW_1000_1120,1,5
P006,T_MW_1430_1550,1,5
P006,T_F_1530_1720,1,4
P006,T_W_1500_1650,1,2
P007,T_MWF_0830_0920,1,2
P007,T_MWF_0930_1020,1,2
P007,T_MWF_1030_1120,1,4
P007,T_MWF_1130_1220,1,5
P007,T_MWF_1230_1320,1,4
P007,T_MWF_1330_1420,1,4
P007,T_MWF_1430_1520,1,4
P007,T_MWF_1530_1620,1,3
P007,T_TTH_0830_0950,1,3
P007,T_TTH_1000_1120,1,5
P007,T_TTH_1130_1250,1,5
P007,T_TTH_1300_1420,1,4
P007,T_TTH_1430_1550,1,4
P007,T_TTH_1600_1720,1,3
P007,T_MW_1000_1120,1,4
P007,T_MW_1430_1550,1,3
P007,T_F_1530_1720,1,1
P007,T_W_1500_1650,1,1
P008,T_MWF_0830_0920,1,3
P008,T_MWF_0930_1020,1,2
P008,T_MWF_1030_1120,1,5
P008,T_MWF_1130_1220,1,5
P008,T_MWF_1230_1320,1,4
P008,T_MWF_1330_1420,1,4
P008,T_MWF_1430_1520,1,4
P008,T_MWF_1530_1620,1,4
P008,T_TTH_0830_0950,1,3
P008,T_TTH_1000_1120,1,5
P008,T_TTH_1130_1250,1,5
P008,T_TTH_1300_1420,1,3
P008,T_TTH_1430_1550,1,4
P008,T_TTH_1600_1720,1,1
P008,T_MW_1000_1120,1,5
P008,T_MW_1430_1550,1,5
P008,T_F_1530_1720,1,2
P008,T_W_1500_1650,1,1
P009,T_MWF_0830_0920,1,3
P009,T_MWF_0930_1020,1,2
P009,T_MWF_1030_1120,1,5
P009,T_MWF_1130_1220,1,3
P009,T_MWF_1230_1320,1,4
P009,T_MWF_1330_1420,1,5
P009,T_MWF_1430_1520,1,5
P009,T_MWF_1530_1620,1,5
P009,T_TTH_0830_0950,1,3
P009,T_TTH_1000_1120,1,4
P009,T_TTH_1130_1250,1,5
P009,T_TTH_1300_1420,1,4
P009,T_TTH_1430_1550,1,4
P009,T_TTH_1600_1720,1,4
P009,T_MW_1000_1120,1,4
P009,T_MW_1430_1550,1,5
P009,T_F_1530_1720,1,4
P009,T_W_1500_1650,1,3
P010,T_MWF_0830_0920,1,3
P010,T_MWF_0930_1020,1,4
P010,T_MWF_1030_1120,1,5
P010,T_MWF_1130_1220,1,4
P010,T_MWF_1230_1320,1,5
P010,T_MWF_1330_1420,1,3
P010,T_MWF_1430_1520,1,4
P010,T_MWF_1530_1620,1,4
P010,T_TTH_0830_0950,1,2
P010,T_TTH_1000_1120,1,5
P010,T_TTH_1130_1250,1,5
P010,T_TTH_1300_1420,1,3
P010,T_TTH_1430_1550,1,3
P010,T_TTH_1600_1720,1,2
P010,T_MW_1000_1120,1,4
P010,T_MW_1430_1550,1,4
P010,T_F_1530_1720,1,2
P010,T_W_1500_1650,1,2
P011,T_MWF_0830_0920,1,2
P011,T_MWF_0930_1020,1,3
P011,T_MWF_1030_1120,1,5
P011,T_MWF_1130_1220,1,4
P011,T_MWF_1230_1320,1,5
P011,T_MWF_1330_1420,1,3
P011,T_MWF_1430_1520,1,5
P011,T_MWF_1530_1620,1,4
P011,T_TTH_0830_0950,1,4
P011,T_TTH_1000_1120,1,4
P011,T_TTH_1130_1250,1,5
P011,T_TTH_1300_1420,1,4
P011,T_TTH_1430_1550,1,3
P011,T_TTH_1600_1720,1,2
P011,T_MW_1000_1120,1,5
P011,T_MW_1430_1550,1,4
P011,T_F_1530_1720,1,2
P011,T_W_1500_1650,1,2
P012,T_MWF_0830_0920,1,5
P012,T_MWF_0930_1020,1,4
P012,T_MWF_1030_1120,1,4
P012,T_MWF_1130_1220,1,4
P012,T_MWF_1230_1320,1,4
P012,T_MWF_1330_1420,1,4
P012,T_MWF_1430_1520,1,5
P012,T_MWF_1530_1620,1,5
P012,T_TTH_0830_0950,1,3
P012,T_TTH_1000_1120,1,5
P012,T_TTH_1130_1250,1,5
P012,T_TTH_1300_1420,1,4
P012,T_TTH_1430_1550,1,4
P012,T_TTH_1600_1720,1,4
P012,T_MW_1000_1120,1,5
P012,T_MW_1430_1550,1,5
P012,T_F_1530_1720,1,4
P012,T_W_1500_1650,1,2
P013,T_MWF_0830_0920,1,4
P013,T_MWF_0930_1020,1,5
P013,T_MWF_1030_1120,1,3
P013,T_MWF_1130_1220,1,4
P013,T_MWF_1230_1320,1,5
P013,T_MWF_1330_1420,1,2
P013,T_MWF_1430_1520,1,2
P013,T_MWF_1530_1620,1,2
P013,T_TTH_0830_0950,1,5
P013,T_TTH_1000_1120,1,5
P013,T_TTH_1130_1250,1,3
P013,T_TTH_1300_1420,1,1
P013,T_TTH_1430_1550,1,1
P013,T_TTH_1600_1720,1,2
P013,T_MW_1000_1120,1,4
P013,T_MW_1430_1550,1,1
P013,T_F_1530_1720,1,2
P013,T_W_1500_1650,1,2
P014,T_MWF_0830_0920,1,4
P014,T_MWF_0930_1020,1,5
P014,T_MWF_1030_1120,1,5
P014,T_MWF_1130_1220,1,4
P014,T_MWF_1230_1320,1,5
P014,T_MWF_1330_1420,1,3
P014,T_MWF_1430_1520,1,4
P014,T_MWF_1530_1620,1,4
P014,T_TTH_0830_0950,1,3
P014,T_TTH_1000_1120,1,5
P014,T_TTH_1130_1250,1,5
P014,T_TTH_1300_1420,1,3
P014,T_TTH_1430_1550,1,5
P014,T_TTH_1600_1720,1,4
P014,T_MW_1000_1120,1,4
P014,T_MW_1430_1550,1,5
P014,T_F_1530_1720,1,3
P014,T_W_1500_1650,1,4
P015,T_MWF_0830_0920,1,3
P015,T_MWF_0930_1020,1,2
P015,T_MWF_1030_1120,1,4
P015,T_MWF_1130_1220,1,5
P015,T_MWF_1230_1320,1,4
P015,T_MWF_1330_1420,1,4
P015,T_MWF_1430_1520,1,3
P015,T_MWF_1530_1620,1,5
P015,T_TTH_0830_0950,1,2
P015,T_TTH_1000_1120,1,4
P015,T_TTH_1130_1250,1,5
P015,T_TTH_1300_1420,1,5
P015,T_TTH_1430_1550,1,5
P015,T_TTH_1600_1720,1,2
P015,T_MW_1000_1120,1,5
P015,T_MW_1430_1550,1,4
P015,T_F_1530_1720,1,3
P015,T_W_1500_1650,1,2
P016,T_MWF_0830_0920,1,4
P016,T_MWF_0930_1020,1,4
P016,T_MWF_1030_1120,1,5
P016,T_MWF_1130_1220,1,5
P016,T_MWF_1230_1320,1,5
P016,T_MWF_1330_1420,1,4
P016,T_MWF_1430_1520,1,3
P016,T_MWF_1530_1620,1,5
P016,T_TTH_0830_0950,1,4
P016,T_TTH_1000_1120,1,4
P016,T_TTH_1130_1250,1,5
P016,T_TTH_1300_1420,1,3
P016,T_TTH_1430_1550,1,4
P016,T_TTH_1600_1720,1,3
P016,T_MW_1000_1120,1,5
P016,T_MW_1430_1550,1,4
P016,T_F_1530_1720,1,4
P016,T_W_1500_1650,1,2
P017,T_MWF_0830_0920,1,3
P017,T_MWF_0930_1020,1,4
P017,T_MWF_1030_1120,1,5
P017,T_MWF_1130_1220,1,4
P017,T_MWF_1230_1320,1,5
P017,T_MWF_1330_1420,1,4
P017,T_MWF_1430_1520,1,4
P017,T_MWF_1530_1620,1,4
P017,T_TTH_0830_0950,1,3
P017,T_TTH_1000_1120,1,4
P017,T_TTH_1130_1250,1,5
P017,T_TTH_1300_1420,1,3
P017,T_TTH_1430_1550,1,3
P017,T_TTH_1600_1720,1,2
P017,T_MW_1000_1120,1,4
P017,T_MW_1430_1550,1,4
P017,T_F_1530_1720,1,1
P017,T_W_1500_1650,1,2
P018,T_MWF_0830_0920,1,3
P018,T_MWF_0930_1020,1,5
P018,T_MWF_1030_1120,1,4
P018,T_MWF_1130_1220,1,5
P018,T_MWF_1230_1320,1,4
P018,T_MWF_1330_1420,1,5
P018,T_MWF_1430_1520,1,3
P018,T_MWF_1530_1620,1,4
P018,T_TTH_0830_0950,1,4
P018,T_TTH_1000_1120,1,5
P018,T_TTH_1130_1250,1,5
P018,T_TTH_1300_1420,1,3
P018,T_TTH_1430_1550,1,4
P018,T_TTH_1600_1720,1,3
P018,T_MW_1000_1120,1,5
P018,T_MW_1430_1550,1,4
P018,T_F_1530_1720,1,2
P018,T_W_1500_1650,1,2
P019,T_MWF_0830_0920,1,3
P019,T_MWF_0930_1020,1,3
P019,T_MWF_1030_1120,1,5
P019,T_MWF_1130_1220,1,4
P019,T_MWF_1230_1320,1,5
P019,T_MWF_1330_1420,1,3
P019,T_MWF_1430_1520,1,5
P019,T_MWF_1530_1620,1,4
P019,T_TTH_0830_0950,1,3
P019,T_TTH_1000_1120,1,4
P019,T_TTH_1130_1250,1,4
P019,T_TTH_1300_1420,1,3
P019,T_TTH_1430_1550,1,4
P019,T_TTH_1600_1720,1,2
P019,T_MW_1000_1120,1,5
P019,T_MW_1430_1550,1,3
P019,T_F_1530_1720,1,2
P019,T_W_1500_1650,1,3
P020,T_MWF_0830_0920,1,1
P020,T_MWF_0930_1020,1,3
P020,T_MWF_1030_1120,1,3
P020,T_MWF_1130_1220,1,5
P020,T_MWF_1230_1320,1,4
P020,T_MWF_1330_1420,1,5
P020,T_MWF_1430_1520,1,5
P020,T_MWF_1530_1620,1,5
P020,T_TTH_0830_0950,1,2
P020,T_TTH_1000_1120,1,3
P020,T_TTH_1130_1250,1,3
P020,T_TTH_1300_1420,1,5
P020,T_TTH_1430_1550,1,5
P020,T_TTH_1600_1720,1,3
P020,T_MW_1000_1120,1,3
P020,T_MW_1430_1550,1,5
P020,T_F_1530_1720,1,3
P020,T_W_1500_1650,1,4
P021,T_MWF_0830_0920,1,5
P021,T_MWF_0930_1020,1,4
P021,T_MWF_1030_1120,1,5
P021,T_MWF_1130_1220,1,5
P021,T_MWF_1230_1320,1,5
P021,T_MWF_1330_1420,1,4
P021,T_MWF_1430_1520,1,3
P021,T_MWF_1530_1620,1,4
P021,T_TTH_0830_0950,1,4
P021,T_TTH_1000_1120,1,4
P021,T_TTH_1130_1250,1,5
P021,T_TTH_1300_1420,1,4
P021,T_TTH_1430_1550,1,4
P021,T_TTH_1600_1720,1,3
P021,T_MW_1000_1120,1,4
P021,T_MW_1430_1550,1,5
P021,T_F_1530_1720,1,2
P021,T_W_1500_1650,1,2
P022,T_MWF_0830_0920,1,4
P022,T_MWF_0930_1020,1,5
P022,T_MWF_1030_1120,1,3
P022,T_MWF_1130_1220,1,4
P022,T_MWF_1230_1320,1,4
P022,T_MWF_1330_1420,1,1
P022,T_MWF_1430_1520,1,1
P022,T_MWF_1530_1620,1,3
P022,T_TTH_0830_0950,1,4
P022,T_TTH_1000_1120,1,5
P022,T_TTH_1130_1250,1,3
P022,T_TTH_1300_1420,1,2
P022,T_TTH_1430_1550,1,2
P022,T_TTH_1600_1720,1,2
P022,T_MW_1000_1120,1,3
P022,T_MW_1430_1550,1,2
P022,T_F_1530_1720,1,1
P022,T_W_1500_1650,1,2
P023,T_MWF_0830_0920,1,5
P023,T_MWF_0930_1020,1,5
P023,T_MWF_1030_1120,1,5
P023,T_MWF_1130_1220,1,5
P023,T_MWF_1230_1320,1,5
P023,T_MWF_1330_1420,1,3
P023,T_MWF_1430_1520,1,5
P023,T_MWF_1530_1620,1,3
P023,T_TTH_0830_0950,1,4
P023,T_TTH_1000_1120,1,5
P023,T_TTH_1130_1250,1,5
P023,T_TTH_1300_1420,1,3
P023,T_TTH_1430_1550,1,3
P023,T_TTH_1600_1720,1,2
P023,T_MW_1000_1120,1,5
P023,T_MW_1430_1550,1,3
P023,T_F_1530_1720,1,2
P023,T_W_1500_1650,1,2
P024,T_MWF_0830_0920,1,2
P024,T_MWF_0930_1020,1,2
P024,T_MWF_1030_1120,1,5
P024,T_MWF_1130_1220,1,4
P024,T_MWF_1230_1320,1,4
P024,T_MWF_1330_1420,1,5
P024,T_MWF_1430_1520,1,5
P024,T_MWF_1530_1620,1,4
P024,T_TTH_0830_0950,1,1
P024,T_TTH_1000_1120,1,4
P024,T_TTH_1130_1250,1,5
P024,T_TTH_1300_1420,1,5
P024,T_TTH_1430_1550,1,5
P024,T_TTH_1600_1720,1,4
P024,T_MW_1000_1120,1,3
P024,T_MW_1430_1550,1,4
P024,T_F_1530_1720,1,2
P024,T_W_1500_1650,1,4
P025,T_MWF_0830_0920,1,4
P025,T_MWF_0930_1020,1,4
P025,T_MWF_1030_1120,1,5
P025,T_MWF_1130_1220,1,5
P025,T_MWF_1230_1320,1,5
P025,T_MWF_1330_1420,1,5
P025,T_MWF_1430_1520,1,4
P025,T_MWF_1530_1620,1,5
P025,T_TTH_0830_0950,1,4
P025,T_TTH_1000_1120,1,5
P025,T_TTH_1130_1250,1,4
P025,T_TTH_1300_1420,1,4
P025,T_TTH_1430_1550,1,4
P025,T_TTH_1600_1720,1,3
P025,T_MW_1000_1120,1,5
P025,T_MW_1430_1550,1,3
P025,T_F_1530_1720,1,3
P025,T_W_1500_1650,1,3
P026,T_MWF_0830_0920,1,3
P026,T_MWF_0930_1020,1,4
P026,T_MWF_1030_1120,1,5
P026,T_MWF_1130_1220,1,5
P026,T_MWF_1230_1320,1,5
P026,T_MWF_1330_1420,1,3
P026,T_MWF_1430_1520,1,3
P026,T_MWF_1530_1620,1,4
P026,T_TTH_0830_0950,1,2
P026,T_TTH_1000_1120,1,4
P026,T_TTH_1130_1250,1,5
P026,T_TTH_1300_1420,1,5
P026,T_TTH_1430_1550,1,5
P026,T_TTH_1600_1720,1,3
P026,T_MW_1000_1120,1,5
P026,T_MW_1430_1550,1,5
P026,T_F_1530_1720,1,2
P026,T_W_1500_1650,1,2
P027,T_MWF_0830_0920,1,4
P027,T_MWF_0930_1020,1,3
P027,T_MWF_1030_1120,1,5
P027,T_MWF_1130_1220,1,5
P027,T_MWF_1230_1320,1,5
P027,T_MWF_1330_1420,1,3
P027,T_MWF_1430_1520,1,4
P027,T_MWF_1530_1620,1,4
P027,T_TTH_0830_0950,1,4
P027,T_TTH_1000_1120,1,5
P027,T_TTH_1130_1250,1,5
P027,T_TTH_1300_1420,1,4
P027,T_TTH_1430_1550,1,4
P027,T_TTH_1600_1720,1,2
P027,T_MW_1000_1120,1,5
P027,T_MW_1430_1550,1,3
P027,T_F_1530_1720,1,3
P027,T_W_1500_1650,1,2
P028,T_MWF_0830_0920,1,3
P028,T_MWF_0930_1020,1,4
P028,T_MWF_1030_1120,1,5
P028,T_MWF_1130_1220,1,5
P028,T_MWF_1230_1320,1,4
P028,T_MWF_1330_1420,1,5
P028,T_MWF_1430_1520,1,4
P028,T_MWF_1530_1620,1,4
P028,T_TTH_0830_0950,1,4
P028,T_TTH_1000_1120,1,5
P028,T_TTH_1130_1250,1,5
P028,T_TTH_1300_1420,1,4
P028,T_TTH_1430_1550,1,4
P028,T_TTH_1600_1720,1,1
P028,T_MW_1000_1120,1,5
P028,T_MW_1430_1550,1,4
P028,T_F_1530_1720,1,1
P028,T_W_1500_1650,1,2
P029,T_MWF_0830_0920,1,5
P029,T_MWF_0930_1020,1,5
P029,T_MWF_1030_1120,1,5
P029,T_MWF_1130_1220,1,4
P029,T_MWF_1230_1320,1,4
P029,T_MWF_1330_1420,1,1
P029,T_MWF_1430_1520,1,3
P029,T_MWF_1530_1620,1,3
P029,T_TTH_0830_0950,1,5
P029,T_TTH_1000_1120,1,4
P029,T_TTH_1130_1250,1,5
P029,T_TTH_1300_1420,1,2
P029,T_TTH_1430_1550,1,2
P029,T_TTH_1600_1720,1,1
P029,T_MW_1000_1120,1,4
P029,T_MW_1430_1550,1,2
P029,T_F_1530_1720,1,1
P029,T_W_1500_1650,1,1
P030,T_MWF_0830_0920,1,4
P030,T_MWF_0930_1020,1,4
P030,T_MWF_1030_1120,1,5
P030,T_MWF_1130_1220,1,4
P030,T_MWF_1230_1320,1,5
P030,T_MWF_1330_1420,1,4
P030,T_MWF_1430_1520,1,4
P030,T_MWF_1530_1620,1,4
P030,T_TTH_0830_0950,1,3
P030,T_TTH_1000_1120,1,5
P030,T_TTH_1130_1250,1,5
P030,T_TTH_1300_1420,1,4
P030,T_TTH_1430_1550,1,4
P030,T_TTH_1600_1720,1,3
P030,T_MW_1000_1120,1,5
P030,T_MW_1430_1550,1,5
P030,T_F_1530_1720,1,3
P030,T_W_1500_1650,1,3
P031,T_MWF_0830_0920,1,5
P031,T_MWF_0930_1020,1,5
P031,T_MWF_1030_1120,1,4
P031,T_MWF_1130_1220,1,4
P031,T_MWF_1230_1320,1,5
P031,T_MWF_1330_1420,1,2
P031,T_MWF_1430_1520,1,1
P031,T_MWF_1530_1620,1,2
P031,T_TTH_0830_0950,1,5
P031,T_TTH_1000_1120,1,3
P031,T_TTH_1130_1250,1,4
P031,T_TTH_1300_1420,1,2
P031,T_TTH_1430_1550,1,1
P031,T_TTH_1600_1720,1,2
P031,T_MW_1000_1120,1,4
P031,T_MW_1430_1550,1,3
P031,T_F_1530_1720,1,1
P031,T_W_1500_1650,1,1
P032,T_MWF_0830_0920,1,5
P032,T_MWF_0930_1020,1,4
P032,T_MWF_1030_1120,1,5
P032,T_MWF_1130_1220,1,4
P032,T_MWF_1230_1320,1,5
P032,T_MWF_1330_1420,1,4
P032,T_MWF_1430_1520,1,3
P032,T_MWF_1530_1620,1,3
P032,T_TTH_0830_0950,1,4
P032,T_TTH_1000_1120,1,4
P032,T_TTH_1130_1250,1,4
P032,T_TTH_1300_1420,1,4
P032,T_TTH_1430_1550,1,4
P032,T_TTH_1600_1720,1,4
P032,T_MW_1000_1120,1,5
P032,T_MW_1430_1550,1,3
P032,T_F_1530_1720,1,4
P032,T_W_1500_1650,1,3
P033,T_MWF_0830_0920,1,3
P033,T_MWF_0930_1020,1,3
P033,T_MWF_1030_1120,1,5
P033,T_MWF_1130_1220,1,5
P033,T_MWF_1230_1320,1,5
P033,T_MWF_1330_1420,1,5
P033,T_MWF_1430_1520,1,5
P033,T_MWF_1530_1620,1,4
P033,T_TTH_0830_0950,1,3
P033,T_TTH_1000_1120,1,5
P033,T_TTH_1130_1250,1,5
P033,T_TTH_1300_1420,1,5
P033,T_TTH_1430_1550,1,5
P033,T_TTH_1600_1720,1,3
P033,T_MW_1000_1120,1,4
P033,T_MW_1430_1550,1,4
P033,T_F_1530_1720,1,3
P033,T_W_1500_1650,1,2
P034,T_MWF_0830_0920,1,2
P034,T_MWF_0930_1020,1,2
P034,T_MWF_1030_1120,1,3
P034,T_MWF_1130_1220,1,3
P034,T_MWF_1230_1320,1,3
P034,T_MWF_1330_1420,1,4
P034,T_MWF_1430_1520,1,5
P034,T_MWF_1530_1620,1,4
P034,T_TTH_0830_0950,1,2
P034,T_TTH_1000_1120,1,3
P034,T_TTH_1130_1250,1,4
P034,T_TTH_1300_1420,1,5
P034,T_TTH_1430_1550,1,5
P034,T_TTH_1600_1720,1,2
P034,T_MW_1000_1120,1,4
P034,T_MW_1430_1550,1,5
P034,T_F_1530_1720,1,4
P034,T_W_1500_1650,1,3
P035,T_MWF_0830_0920,1,2
P035,T_MWF_0930_1020,1,1
P035,T_MWF_1030_1120,1,5
P035,T_MWF_1130_1220,1,5
P035,T_MWF_1230_1320,1,4
P035,T_MWF_1330_1420,1,5
P035,T_MWF_1430_1520,1,5
P035,T_MWF_1530_1620,1,5
P035,T_TTH_0830_0950,1,2
P035,T_TTH_1000_1120,1,4
P035,T_TTH_1130_1250,1,3
P035,T_TTH_1300_1420,1,5
P035,T_TTH_1430_1550,1,4
P035,T_TTH_1600_1720,1,2
P035,T_MW_1000_1120,1,4
P035,T_MW_1430_1550,1,5
P035,T_F_1530_1720,1,2
P035,T_W_1500_1650,1,3
P036,T_MWF_0830_0920,1,4
P036,T_MWF_0930_1020,1,4
P036,T_MWF_1030_1120,1,5
P036,T_MWF_1130_1220,1,5
P036,T_MWF_1230_1320,1,5
P036,T_MWF_1330_1420,1,4
P036,T_MWF_1430_1520,1,4
P036,T_MWF_1530_1620,1,4
P036,T_TTH_0830_0950,1,3
P036,T_TTH_1000_1120,1,5
P036,T_TTH_1130_1250,1,5
P036,T_TTH_1300_1420,1,3
P036,T_TTH_1430_1550,1,3
P036,T_TTH_1600_1720,1,2
P036,T_MW_1000_1120,1,5
P036,T_MW_1430_1550,1,5
P036,T_F_1530_1720,1,2
P036,T_W_1500_1650,1,1
P037,T_MWF_0830_0920,1,4
P037,T_MWF_0930_1020,1,4
P037,T_MWF_1030_1120,1,5
P037,T_MWF_1130_1220,1,4
P037,T_MWF_1230_1320,1,4
P037,T_MWF_1330_1420,1,3
P037,T_MWF_1430_1520,1,4
P037,T_MWF_1530_1620,1,3
P037,T_TTH_0830_0950,1,5
P037,T_TTH_1000_1120,1,5
P037,T_TTH_1130_1250,1,5
P037,T_TTH_1300_1420,1,4
P037,T_TTH_1430_1550,1,4
P037,T_TTH_1600_1720,1,4
P037,T_MW_1000_1120,1,4
P037,T_MW_1430_1550,1,5
P037,T_F_1530_1720,1,2
P037,T_W_1500_1650,1,3
P038,T_MWF_0830_0920,1,5
P038,T_MWF_0930_1020,1,5
P038,T_MWF_1030_1120,1,4
P038,T_MWF_1130_1220,1,4
P038,T_MWF_1230_1320,1,4
P038,T_MWF_1330_1420,1,3
P038,T_MWF_1430_1520,1,3
P038,T_MWF_1530_1620,1,1
P038,T_TTH_0830_0950,1,5
P038,T_TTH_1000_1120,1,3
P038,T_TTH_1130_1250,1,3
P038,T_TTH_1300_1420,1,2
P038,T_TTH_1430_1550,1,2
P038,T_TTH_1600_1720,1,1
P038,T_MW_1000_1120,1,4
P038,T_MW_1430_1550,1,2
P038,T_F_1530_1720,1,1
P038,T_W_1500_1650,1,2
P039,T_MWF_0830_0920,1,5
P039,T_MWF_0930_1020,1,4
P039,T_MWF_1030_1120,1,3
P039,T_MWF_1130_1220,1,5
P039,T_MWF_1230_1320,1,3
P039,T_MWF_1330_1420,1,2
P039,T_MWF_1430_1520,1,1
P039,T_MWF_1530_1620,1,2
P039,T_TTH_0830_0950,1,5
P039,T_TTH_1000_1120,1,4
P039,T_TTH_1130_1250,1,4
P039,T_TTH_1300_1420,1,2
P039,T_TTH_1430_1550,1,2
P039,T_TTH_1600_1720,1,2
P039,T_MW_1000_1120,1,4
P039,T_MW_1430_1550,1,2
P039,T_F_1530_1720,1,2
P039,T_W_1500_1650,1,1
P040,T_MWF_0830_0920,1,5
P040,T_MWF_0930_1020,1,4
P040,T_MWF_1030_1120,1,4
P040,T_MWF_1130_1220,1,5
P040,T_MWF_1230_1320,1,5
P040,T_MWF_1330_1420,1,4
P040,T_MWF_1430_1520,1,3
P040,T_MWF_1530_1620,1,3
P040,T_TTH_0830_0950,1,3
P040,T_TTH_1000_1120,1,5
P040,T_TTH_1130_1250,1,5
P040,T_TTH_1300_1420,1,4
P040,T_TTH_1430_1550,1,4
P040,T_TTH_1600_1720,1,3
P040,T_MW_1000_1120,1,5
P040,T_MW_1430_1550,1,4
P040,T_F_1530_1720,1,2
P040,T_W_1500_1650,1,3
P041,T_MWF_0830_0920,1,4
P041,T_MWF_0930_1020,1,5
P041,T_MWF_1030_1120,1,5
P041,T_MWF_1130_1220,1,5
P041,T_MWF_1230_1320,1,5
P041,T_MWF_1330_1420,1,4
P041,T_MWF_1430_1520,1,4
P041,T_MWF_1530_1620,1,3
P041,T_TTH_0830_0950,1,3
P041,T_TTH_1000_1120,1,5
P041,T_TTH_1130_1250,1,4
P041,T_TTH_1300_1420,1,4
P041,T_TTH_1430_1550,1,3
P041,T_TTH_1600_1720,1,3
P041,T_MW_1000_1120,1,5
P041,T_MW_1430_1550,1,3
P041,T_F_1530_1720,1,4
P041,T_W_1500_1650,1,3
P042,T_MWF_0830_0920,1,3
P042,T_MWF_0930_1020,1,4
P042,T_MWF_1030_1120,1,4
P042,T_MWF_1130_1220,1,5
P042,T_MWF_1230_1320,1,5
P042,T_MWF_1330_1420,1,3
P042,T_MWF_1430_1520,1,3
P042,T_MWF_1530_1620,1,4
P042,T_TTH_0830_0950,1,4
P042,T_TTH_1000_1120,1,5
P042,T_TTH_1130_1250,1,5
P042,T_TTH_1300_1420,1,4
P042,T_TTH_1430_1550,1,5
P042,T_TTH_1600_1720,1,2
P042,T_MW_1000_1120,1,5
P042,T_MW_1430_1550,1,3
P042,T_F_1530_1720,1,3
P042,T_W_1500_1650,1,4
P043,T_MWF_0830_0920,1,1
P043,T_MWF_0930_1020,1,2
P043,T_MWF_1030_1120,1,3
P043,T_MWF_1130_1220,1,3
P043,T_MWF_1230_1320,1,3
P043,T_MWF_1330_1420,1,5
P043,T_MWF_1430_1520,1,4
P043,T_MWF_1530_1620,1,5
P043,T_TTH_0830_0950,1,1
P043,T_TTH_1000_1120,1,4
P043,T_TTH_1130_1250,1,3
P043,T_TTH_1300_1420,1,5
P043,T_TTH_1430_1550,1,5
P043,T_TTH_1600_1720,1,3
P043,T_MW_1000_1120,1,4
P043,T_MW_1430_1550,1,5
P043,T_F_1530_1720,1,4
P043,T_W_1500_1650,1,3
P044,T_MWF_0830_0920,1,3
P044,T_MWF_0930_1020,1,2
P044,T_MWF_1030_1120,1,4
P044,T_MWF_1130_1220,1,5
P044,T_MWF_1230_1320,1,4
P044,T_MWF_1330_1420,1,5
P044,T_MWF_1430_1520,1,5
P044,T_MWF_1530_1620,1,4
P044,T_TTH_0830_0950,1,1
P044,T_TTH_1000_1120,1,3
P044,T_TTH_1130_1250,1,4
P044,T_TTH_1300_1420,1,4
P044,T_TTH_1430_1550,1,5
P044,T_TTH_1600_1720,1,3
P044,T_MW_1000_1120,1,3
P044,T_MW_1430_1550,1,5
P044,T_F_1530_1720,1,4
P044,T_W_1500_1650,1,3
P045,T_MWF_0830_0920,1,3
P045,T_MWF_0930_1020,1,3
P045,T_MWF_1030_1120,1,5
P045,T_MWF_1130_1220,1,5
P045,T_MWF_1230_1320,1,5
P045,T_MWF_1330_1420,1,5
P045,T_MWF_1430_1520,1,3
P045,T_MWF_1530_1620,1,5
P045,T_TTH_0830_0950,1,4
P045,T_TTH_1000_1120,1,5
P045,T_TTH_1130_1250,1,5
P045,T_TTH_1300_1420,1,4
P045,T_TTH_1430_1550,1,4
P045,T_TTH_1600_1720,1,2
P045,T_MW_1000_1120,1,4
P045,T_MW_1430_1550,1,3
P045,T_F_1530_1720,1,1
P045,T_W_1500_1650,1,3
P046,T_MWF_0830_0920,1,3
P046,T_MWF_0930_1020,1,5
P046,T_MWF_1030_1120,1,5
P046,T_MWF_1130_1220,1,5
P046,T_MWF_1230_1320,1,4
P046,T_MWF_1330_1420,1,4
P046,T_MWF_1430_1520,1,4
P046,T_MWF_1530_1620,1,4
P046,T_TTH_0830_0950,1,4
P046,T_TTH_1000_1120,1,5
P046,T_TTH_1130_1250,1,5
P046,T_TTH_1300_1420,1,4
P046,T_TTH_1430_1550,1,5
P046,T_TTH_1600_1720,1,3
P046,T_MW_1000_1120,1,4
P046,T_MW_1430_1550,1,3
P046,T_F_1530_1720,1,2
P046,T_W_1500_1650,1,3
P047,T_MWF_0830_0920,1,3
P047,T_MWF_0930_1020,1,4
P047,T_MWF_1030_1120,1,5
P047,T_MWF_1130_1220,1,5
P047,T_MWF_1230_1320,1,5
P047,T_MWF_1330_1420,1,4
P047,T_MWF_1430_1520,1,4
P047,T_MWF_1530_1620,1,4
P047,T_TTH_0830_0950,1,4
P047,T_TTH_1000_1120,1,4
P047,T_TTH_1130_1250,1,5
P047,T_TTH_1300_1420,1,3
P047,T_TTH_1430_1550,1,4
P047,T_TTH_1600_1720,1,2
P047,T_MW_1000_1120,1,5
P047,T_MW_1430_1550,1,3
P047,T_F_1530_1720,1,2
P047,T_W_1500_1650,1,2
P048,T_MWF_0830_0920,1,3
P048,T_MWF_0930_1020,1,3
P048,T_MWF_1030_1120,1,4
P048,T_MWF_1130_1220,1,4
P048,T_MWF_1230_1320,1,4
P048,T_MWF_1330_1420,1,4
P048,T_MWF_1430_1520,1,5
P048,T_MWF_1530_1620,1,5
P048,T_TTH_0830_0950,1,5
P048,T_TTH_1000_1120,1,4
P048,T_TTH_1130_1250,1,5
P048,T_TTH_1300_1420,1,5
P048,T_TTH_1430_1550,1,3
P048,T_TTH_1600_1720,1,4
P048,T_MW_1000_1120,1,5
P048,T_MW_1430_1550,1,5
P048,T_F_1530_1720,1,3
P048,T_W_1500_1650,1,4
P049,T_MWF_0830_0920,1,2
P049,T_MWF_0930_1020,1,2
P049,T_MWF_1030_1120,1,4
P049,T_MWF_1130_1220,1,3
P049,T_MWF_1230_1320,1,4
P049,T_MWF_1330_1420,1,5
P049,T_MWF_1430_1520,1,5
P049,T_MWF_1530_1620,1,5
P049,T_TTH_0830_0950,1,3
P049,T_TTH_1000_1120,1,4
P049,T_TTH_1130_1250,1,5
P049,T_TTH_1300_1420,1,5
P049,T_TTH_1430_1550,1,5
P049,T_TTH_1600_1720,1,4
P049,T_MW_1000_1120,1,4
P049,T_MW_1430_1550,1,4
P049,T_F_1530_1720,1,3
P049,T_W_1500_1650,1,4
P050,T_MWF_0830_0920,1,5
P050,T_MWF_0930_1020,1,3
P050,T_MWF_1030_1120,1,5
P050,T_MWF_1130_1220,1,5
P050,T_MWF_1230_1320,1,4
P050,T_MWF_1330_1420,1,4
P050,T_MWF_1430_1520,1,3
P050,T_MWF_1530_1620,1,5
P050,T_TTH_0830_0950,1,5
P050,T_TTH_1000_1120,1,4
P050,T_TTH_1130_1250,1,5
P050,T_TTH_1300_1420,1,5
P050,T_TTH_1430_1550,1,4
P050,T_TTH_1600_1720,1,3
P050,T_MW_1000_1120,1,5
P050,T_MW_1430_1550,1,3
P050,T_F_1530_1720,1,4
P050,T_W_1500_1650,1,2
P051,T_MWF_0830_0920,1,4
P051,T_MWF_0930_1020,1,5
P051,T_MWF_1030_1120,1,5
P051,T_MWF_1130_1220,1,5
P051,T_MWF_1230_1320,1,5
P051,T_MWF_1330_1420,1,5
P051,T_MWF_1430_1520,1,4
P051,T_MWF_1530_1620,1,4
P051,T_TTH_0830_0950,1,5
P051,T_TTH_1000_1120,1,5
P051,T_TTH_1130_1250,1,5
P051,T_TTH_1300_1420,1,3
P051,T_TTH_1430_1550,1,4
P051,T_TTH_1600_1720,1,4
P051,T_MW_1000_1120,1,4
P051,T_MW_1430_1550,1,5
P051,T_F_1530_1720,1,3
P051,T_W_1500_1650,1,4
P052,T_MWF_0830_0920,1,4
P052,T_MWF_0930_1020,1,5
P052,T_MWF_1030_1120,1,5
P052,T_MWF_1130_1220,1,4
P052,T_MWF_1230_1320,1,4
P052,T_MWF_1330_1420,1,5
P052,T_MWF_1430_1520,1,4
P052,T_MWF_1530_1620,1,4
P052,T_TTH_0830_0950,1,3
P052,T_TTH_1000_1120,1,4
P052,T_TTH_1130_1250,1,5
P052,T_TTH_1300_1420,1,4
P052,T_TTH_1430_1550,1,4
P052,T_TTH_1600_1720,1,3
P052,T_MW_1000_1120,1,5
P052,T_MW_1430_1550,1,4
P052,T_F_1530_1720,1,3
P052,T_W_1500_1650,1,3
P053,T_MWF_0830_0920,1,5
P053,T_MWF_0930_1020,1,3
P053,T_MWF_1030_1120,1,5
P053,T_MWF_1130_1220,1,5
P053,T_MWF_1230_1320,1,4
P053,T_MWF_1330_1420,1,3
P053,T_MWF_1430_1520,1,4
P053,T_MWF_1530_1620,1,4
P053,T_TTH_0830_0950,1,4
P053,T_TTH_1000_1120,1,5
P053,T_TTH_1130_1250,1,5
P053,T_TTH_1300_1420,1,5
P053,T_TTH_1430_1550,1,3
P053,T_TTH_1600_1720,1,2
P053,T_MW_1000_1120,1,4
P053,T_MW_1430_1550,1,4
P053,T_F_1530_1720,1,3
P053,T_W_1500_1650,1,3
P054,T_MWF_0830_0920,1,3
P054,T_MWF_0930_1020,1,4
P054,T_MWF_1030_1120,1,5
P054,T_MWF_1130_1220,1,5
P054,T_MWF_1230_1320,1,5
P054,T_MWF_1330_1420,1,4
P054,T_MWF_1430_1520,1,4
P054,T_MWF_1530_1620,1,4
P054,T_TTH_0830_0950,1,4
P054,T_TTH_1000_1120,1,4
P054,T_TTH_1130_1250,1,5
P054,T_TTH_1300_1420,1,5
P054,T_TTH_1430_1550,1,4
P054,T_TTH_1600_1720,1,2
P054,T_MW_1000_1120,1,5
P054,T_MW_1430_1550,1,5
P054,T_F_1530_1720,1,4
P054,T_W_1500_1650,1,3
P055,T_MWF_0830_0920,1,4
P055,T_MWF_0930_1020,1,4
P055,T_MWF_1030_1120,1,5
P055,T_MWF_1130_1220,1,5
P055,T_MWF_1230_1320,1,5
P055,T_MWF_1330_1420,1,3
P055,T_MWF_1430_1520,1,4
P055,T_MWF_1530_1620,1,4
P055,T_TTH_0830_0950,1,3
P055,T_TTH_1000_1120,1,5
P055,T_TTH_1130_1250,1,5
P055,T_TTH_1300_1420,1,4
P055,T_TTH_1430_1550,1,5
P055,T_TTH_1600_1720,1,2
P055,T_MW_1000_1120,1,4
P055,T_MW_1430_1550,1,5
P055,T_F_1530_1720,1,2
P055,T_W_1500_1650,1,1
P056,T_MWF_0830_0920,1,3
P056,T_MWF_0930_1020,1,4
P056,T_MWF_1030_1120,1,4
P056,T_MWF_1130_1220,1,5
P056,T_MWF_1230_1320,1,4
P056,T_MWF_1330_1420,1,5
P056,T_MWF_1430_1520,1,4
P056,T_MWF_1530_1620,1,4
P056,T_TTH_0830_0950,1,4
P056,T_TTH_1000_1120,1,5
P056,T_TTH_1130_1250,1,4
P056,T_TTH_1300_1420,1,4
P056,T_TTH_1430_1550,1,5
P056,T_TTH_1600_1720,1,3
P056,T_MW_1000_1120,1,5
P056,T_MW_1430_1550,1,3
P056,T_F_1530_1720,1,2
P056,T_W_1500_1650,1,2
P057,T_MWF_0830_0920,1,5
P057,T_MWF_0930_1020,1,5
P057,T_MWF_1030_1120,1,4
P057,T_MWF_1130_1220,1,3
P057,T_MWF_1230_1320,1,5
P057,T_MWF_1330_1420,1,1
P057,T_MWF_1430_1520,1,3
P057,T_MWF_1530_1620,1,2
P057,T_TTH_0830_0950,1,4
P057,T_TTH_1000_1120,1,3
P057,T_TTH_1130_1250,1,4
P057,T_TTH_1300_1420,1,3
P057,T_TTH_1430_1550,1,1
P057,T_TTH_1600_1720,1,2
P057,T_MW_1000_1120,1,4
P057,T_MW_1430_1550,1,2
P057,T_F_1530_1720,1,1
P057,T_W_1500_1650,1,1
P058,T_MWF_0830_0920,1,2
P058,T_MWF_0930_1020,1,3
P058,T_MWF_1030_1120,1,4
P058,T_MWF_1130_1220,1,3
P058,T_MWF_1230_1320,1,3
P058,T_MWF_1330_1420,1,5
P058,T_MWF_1430_1520,1,5
P058,T_MWF_1530_1620,1,5
P058,T_TTH_0830_0950,1,2
P058,T_TTH_1000_1120,1,4
P058,T_TTH_1130_1250,1,5
P058,T_TTH_1300_1420,1,5
P058,T_TTH_1430_1550,1,5
P058,T_TTH_1600_1720,1,3
P058,T_MW_1000_1120,1,3
P058,T_MW_1430_1550,1,5
P058,T_F_1530_1720,1,3
P058,T_W_1500_1650,1,2
P059,T_MWF_0830_0920,1,5
P059,T_MWF_0930_1020,1,5
P059,T_MWF_1030_1120,1,4
P059,T_MWF_1130_1220,1,5
P059,T_MWF_1230_1320,1,4
P059,T_MWF_1330_1420,1,2
P059,T_MWF_1430_1520,1,2
P059,T_MWF_1530_1620,1,2
P059,T_TTH_0830_0950,1,5
P059,T_TTH_1000_1120,1,4
P059,T_TTH_1130_1250,1,4
P059,T_TTH_1300_1420,1,3
P059,T_TTH_1430_1550,1,2
P059,T_TTH_1600_1720,1,1
P059,T_MW_1000_1120,1,4
P059,T_MW_1430_1550,1,1
P059,T_F_1530_1720,1,1
P059,T_W_1500_1650,1,1
P060,T_MWF_0830_0920,1,2
P060,T_MWF_0930_1020,1,2
P060,T_MWF_1030_1120,1,5
P060,T_MWF_1130_1220,1,4
P060,T_MWF_1230_1320,1,3
P060,T_MWF_1330_1420,1,5
P060,T_MWF_1430_1520,1,5
P060,T_MWF_1530_1620,1,5
P060,T_TTH_0830_0950,1,2
P060,T_TTH_1000_1120,1,3
P060,T_TTH_1130_1250,1,5
P060,T_TTH_1300_1420,1,5
P060,T_TTH_1430_1550,1,5
P060,T_TTH_1600_1720,1,3
P060,T_MW_1000_1120,1,4
P060,T_MW_1430_1550,1,5
P060,T_F_1530_1720,1,4
P060,T_W_1500_1650,1,2
P061,T_MWF_0830_0920,1,3
P061,T_MWF_0930_1020,1,3
P061,T_MWF_1030_1120,1,3
P061,T_MWF_1130_1220,1,3
P061,T_MWF_1230_1320,1,4
P061,T_MWF_1330_1420,1,5
P061,T_MWF_1430_1520,1,5
P061,T_MWF_1530_1620,1,5
P061,T_TTH_0830_0950,1,3
P061,T_TTH_1000_1120,1,3
P061,T_TTH_1130_1250,1,5
P061,T_TTH_1300_1420,1,5
P061,T_TTH_1430_1550,1,5
P061,T_TTH_1600_1720,1,3
P061,T_MW_1000_1120,1,3
P061,T_MW_1430_1550,1,4
P061,T_F_1530_1720,1,3
P061,T_W_1500_1650,1,2
P062,T_MWF_0830_0920,1,4
P062,T_MWF_0930_1020,1,5
P062,T_MWF_1030_1120,1,5
P062,T_MWF_1130_1220,1,4
P062,T_MWF_1230_1320,1,3
P062,T_MWF_1330_1420,1,3
P062,T_MWF_1430_1520,1,2
P062,T_MWF_1530_1620,1,2
P062,T_TTH_0830_0950,1,5
P062,T_TTH_1000_1120,1,4
P062,T_TTH_1130_1250,1,4
P062,T_TTH_1300_1420,1,2
P062,T_TTH_1430_1550,1,1
P062,T_TTH_1600_1720,1,1
P062,T_MW_1000_1120,1,4
P062,T_MW_1430_1550,1,2
P062,T_F_1530_1720,1,1
P062,T_W_1500_1650,1,2
P063,T_MWF_0830_0920,1,3
P063,T_MWF_0930_1020,1,2
P063,T_MWF_1030_1120,1,5
P063,T_MWF_1130_1220,1,5
P063,T_MWF_1230_1320,1,5
P063,T_MWF_1330_1420,1,3
P063,T_MWF_1430_1520,1,3
P063,T_MWF_1530_1620,1,4
P063,T_TTH_0830_0950,1,3
P063,T_TTH_1000_1120,1,5
P063,T_TTH_1130_1250,1,5
P063,T_TTH_1300_1420,1,3
P063,T_TTH_1430_1550,1,3
P063,T_TTH_1600_1720,1,2
P063,T_MW_1000_1120,1,5
P063,T_MW_1430_1550,1,5
P063,T_F_1530_1720,1,2
P063,T_W_1500_1650,1,2
P064,T_MWF_0830_0920,1,2
P064,T_MWF_0930_1020,1,3
P064,T_MWF_1030_1120,1,5
P064,T_MWF_1130_1220,1,5
P064,T_MWF_1230_1320,1,5
P064,T_MWF_1330_1420,1,5
P064,T_MWF_1430_1520,1,3
P064,T_MWF_1530_1620,1,3
P064,T_TTH_0830_0950,1,2
P064,T_TTH_1000_1120,1,4
P064,T_TTH_1130_1250,1,5
P064,T_TTH_1300_1420,1,5
P064,T_TTH_1430_1550,1,4
P064,T_TTH_1600_1720,1,2
P064,T_MW_1000_1120,1,5
P064,T_MW_1430_1550,1,4
P064,T_F_1530_1720,1,3
P064,T_W_1500_1650,1,3
P065,T_MWF_0830_0920,1,5
P065,T_MWF_0930_1020,1,5
P065,T_MWF_1030_1120,1,5
P065,T_MWF_1130_1220,1,4
P065,T_MWF_1230_1320,1,4
P065,T_MWF_1330_1420,1,3
P065,T_MWF_1430_1520,1,2
P065,T_MWF_1530_1620,1,3
P065,T_TTH_0830_0950,1,5
P065,T_TTH_1000_1120,1,4
P065,T_TTH_1130_1250,1,4
P065,T_TTH_1300_1420,1,1
P065,T_TTH_1430_1550,1,2
P065,T_TTH_1600_1720,1,1
P065,T_MW_1000_1120,1,4
P065,T_MW_1430_1550,1,2
P065,T_F_1530_1720,1,1
P065,T_W_1500_1650,1,1
P066,T_MWF_0830_0920,1,5
P066,T_MWF_0930_1020,1,4
P066,T_MWF_1030_1120,1,5
P066,T_MWF_1130_1220,1,5
P066,T_MWF_1230_1320,1,5
P066,T_MWF_1330_1420,1,3
P066,T_MWF_1430_1520,1,5
P066,T_MWF_1530_1620,1,5
P066,T_TTH_0830_0950,1,5
P066,T_TTH_1000_1120,1,5
P066,T_TTH_1130_1250,1,5
P066,T_TTH_1300_1420,1,5
P066,T_TTH_1430_1550,1,5
P066,T_TTH_1600_1720,1,4
P066,T_MW_1000_1120,1,5
P066,T_MW_1430_1550,1,4
P066,T_F_1530_1720,1,2
P066,T_W_1500_1650,1,4
P067,T_MWF_0830_0920,1,3
P067,T_MWF_0930_1020,1,4
P067,T_MWF_1030_1120,1,5
P067,T_MWF_1130_1220,1,5
P067,T_MWF_1230_1320,1,5
P067,T_MWF_1330_1420,1,4
P067,T_MWF_1430_1520,1,4
P067,T_MWF_1530_1620,1,3
P067,T_TTH_0830_0950,1,4
P067,T_TTH_1000_1120,1,5
P067,T_TTH_1130_1250,1,5
P067,T_TTH_1300_1420,1,4
P067,T_TTH_1430_1550,1,4
P067,T_TTH_1600_1720,1,4
P067,T_MW_1000_1120,1,5
P067,T_MW_1430_1550,1,4
P067,T_F_1530_1720,1,4
P067,T_W_1500_1650,1,3
P068,T_MWF_0830_0920,1,2
P068,T_MWF_0930_1020,1,2
P068,T_MWF_1030_1120,1,4
P068,T_MWF_1130_1220,1,4
P068,T_MWF_1230_1320,1,3
P068,T_MWF_1330_1420,1,5
P068,T_MWF_1430_1520,1,5
P068,T_MWF_1530_1620,1,4
P068,T_TTH_0830_0950,1,3
P068,T_TTH_1000_1120,1,3
P068,T_TTH_1130_1250,1,4
P068,T_TTH_1300_1420,1,5
P068,T_TTH_1430_1550,1,4
P068,T_TTH_1600_1720,1,4
P068,T_MW_1000_1120,1,3
P068,T_MW_1430_1550,1,5
P068,T_F_1530_1720,1,3
P068,T_W_1500_1650,1,2
P069,T_MWF_0830_0920,1,1
P069,T_MWF_0930_1020,1,1
P069,T_MWF_1030_1120,1,5
P069,T_MWF_1130_1220,1,4
P069,T_MWF_1230_1320,1,4
P069,T_MWF_1330_1420,1,4
P069,T_MWF_1430_1520,1,5
P069,T_MWF_1530_1620,1,5
P069,T_TTH_0830_0950,1,3
P069,T_TTH_1000_1120,1,3
P069,T_TTH_1130_1250,1,5
P069,T_TTH_1300_1420,1,5
P069,T_TTH_1430_1550,1,5
P069,T_TTH_1600_1720,1,3
P069,T_MW_1000_1120,1,4
P069,T_MW_1430_1550,1,5
P069,T_F_1530_1720,1,2
P069,T_W_1500_1650,1,2
P070,T_MWF_0830_0920,1,4
P070,T_MWF_0930_1020,1,2
P070,T_MWF_1030_1120,1,5
P070,T_MWF_1130_1220,1,5
P070,T_MWF_1230_1320,1,5
P070,T_MWF_1330_1420,1,5
P070,T_MWF_1430_1520,1,3
P070,T_MWF_1530_1620,1,3
P070,T_TTH_0830_0950,1,3
P070,T_TTH_1000_1120,1,5
P070,T_TTH_1130_1250,1,4
P070,T_TTH_1300_1420,1,4
P070,T_TTH_1430_1550,1,4
P070,T_TTH_1600_1720,1,2
P070,T_MW_1000_1120,1,5
P070,T_MW_1430_1550,1,5
P070,T_F_1530_1720,1,2
P070,T_W_1500_1650,1,2
P071,T_MWF_0830_0920,1,1
P071,T_MWF_0930_1020,1,1
P071,T_MWF_1030_1120,1,3
P071,T_MWF_1130_1220,1,5
P071,T_MWF_1230_1320,1,3
P071,T_MWF_1330_1420,1,5
P071,T_MWF_1430_1520,1,5
P071,T_MWF_1530_1620,1,5
P071,T_TTH_0830_0950,1,1
P071,T_TTH_1000_1120,1,5
P071,T_TTH_1130_1250,1,4
P071,T_TTH_1300_1420,1,5
P071,T_TTH_1430_1550,1,5
P071,T_TTH_1600_1720,1,4
P071,T_MW_1000_1120,1,3
P071,T_MW_1430_1550,1,4
P071,T_F_1530_1720,1,3
P071,T_W_1500_1650,1,3
P072,T_MWF_0830_0920,1,3
P072,T_MWF_0930_1020,1,3
P072,T_MWF_1030_1120,1,5
P072,T_MWF_1130_1220,1,4
P072,T_MWF_1230_1320,1,5
P072,T_MWF_1330_1420,1,3
P072,T_MWF_1430_1520,1,5
P072,T_MWF_1530_1620,1,4
P072,T_TTH_0830_0950,1,4
P072,T_TTH_1000_1120,1,5
P072,T_TTH_1130_1250,1,5
P072,T_TTH_1300_1420,1,4
P072,T_TTH_1430_1550,1,3
P072,T_TTH_1600_1720,1,1
P072,T_MW_1000_1120,1,5
P072,T_MW_1430_1550,1,4
P072,T_F_1530_1720,1,3
P072,T_W_1500_1650,1,3
P073,T_MWF_0830_0920,1,3
P073,T_MWF_0930_1020,1,3
P073,T_MWF_1030_1120,1,5
P073,T_MWF_1130_1220,1,5
P073,T_MWF_1230_1320,1,5
P073,T_MWF_1330_1420,1,4
P073,T_MWF_1430_1520,1,5
P073,T_MWF_1530_1620,1,4
P073,T_TTH_0830_0950,1,4
P073,T_TTH_1000_1120,1,5
P073,T_TTH_1130_1250,1,5
P073,T_TTH_1300_1420,1,3
P073,T_TTH_1430_1550,1,3
P073,T_TTH_1600_1720,1,1
P073,T_MW_1000_1120,1,5
P073,T_MW_1430_1550,1,4
P073,T_F_1530_1720,1,3
P073,T_W_1500_1650,1,2
P074,T_MWF_0830_0920,1,5
P074,T_MWF_0930_1020,1,5
P074,T_MWF_1030_1120,1,5
P074,T_MWF_1130_1220,1,5
P074,T_MWF_1230_1320,1,3
P074,T_MWF_1330_1420,1,3
P074,T_MWF_1430_1520,1,2
P074,T_MWF_1530_1620,1,1
P074,T_TTH_0830_0950,1,5
P074,T_TTH_1000_1120,1,4
P074,T_TTH_1130_1250,1,4
P074,T_TTH_1300_1420,1,3
P074,T_TTH_1430_1550,1,3
P074,T_TTH_1600_1720,1,1
P074,T_MW_1000_1120,1,4
P074,T_MW_1430_1550,1,2
P074,T_F_1530_1720,1,2
P074,T_W_1500_1650,1,2
P075,T_MWF_0830_0920,1,2
P075,T_MWF_0930_1020,1,3
P075,T_MWF_1030_1120,1,4
P075,T_MWF_1130_1220,1,4
P075,T_MWF_1230_1320,1,4
P075,T_MWF_1330_1420,1,5
P075,T_MWF_1430_1520,1,5
P075,T_MWF_1530_1620,1,5
P075,T_TTH_0830_0950,1,3
P075,T_TTH_1000_1120,1,3
P075,T_TTH_1130_1250,1,4
P075,T_TTH_1300_1420,1,4
P075,T_TTH_1430_1550,1,5
P075,T_TTH_1600_1720,1,2
P075,T_MW_1000_1120,1,5
P075,T_MW_1430_1550,1,5
P075,T_F_1530_1720,1,2
P075,T_W_1500_1650,1,3
P076,T_MWF_0830_0920,1,4
P076,T_MWF_0930_1020,1,4
P076,T_MWF_1030_1120,1,4
P076,T_MWF_1130_1220,1,5
P076,T_MWF_1230_1320,1,5
P076,T_MWF_1330_1420,1,4
P076,T_MWF_1430_1520,1,5
P076,T_MWF_1530_1620,1,3
P076,T_TTH_0830_0950,1,3
P076,T_TTH_1000_1120,1,5
P076,T_TTH_1130_1250,1,4
P076,T_TTH_1300_1420,1,5
P076,T_TTH_1430_1550,1,4
P076,T_TTH_1600_1720,1,2
P076,T_MW_1000_1120,1,5
P076,T_MW_1430_1550,1,4
P076,T_F_1530_1720,1,2
P076,T_W_1500_1650,1,3
P077,T_MWF_0830_0920,1,2
P077,T_MWF_0930_1020,1,1
P077,T_MWF_1030_1120,1,4
P077,T_MWF_1130_1220,1,3
P077,T_MWF_1230_1320,1,4
P077,T_MWF_1330_1420,1,5
P077,T_MWF_1430_1520,1,5
P077,T_MWF_1530_1620,1,5
P077,T_TTH_0830_0950,1,3
P077,T_TTH_1000_1120,1,4
P077,T_TTH_1130_1250,1,3
P077,T_TTH_1300_1420,1,4
P077,T_TTH_1430_1550,1,5
P077,T_TTH_1600_1720,1,3
P077,T_MW_1000_1120,1,4
P077,T_MW_1430_1550,1,5
P077,T_F_1530_1720,1,3
P077,T_W_1500_1650,1,3
P078,T_MWF_0830_0920,1,5
P078,T_MWF_0930_1020,1,4
P078,T_MWF_1030_1120,1,4
P078,T_MWF_1130_1220,1,4
P078,T_MWF_1230_1320,1,3
P078,T_MWF_1330_1420,1,2
P078,T_MWF_1430_1520,1,2
P078,T_MWF_1530_1620,1,3
P078,T_TTH_0830_0950,1,5
P078,T_TTH_1000_1120,1,3
P078,T_TTH_1130_1250,1,5
P078,T_TTH_1300_1420,1,2
P078,T_TTH_1430_1550,1,3
P078,T_TTH_1600_1720,1,1
P078,T_MW_1000_1120,1,3
P078,T_MW_1430_1550,1,3
P078,T_F_1530_1720,1,1
P078,T_W_1500_1650,1,1
P079,T_MWF_0830_0920,1,2
P079,T_MWF_0930_1020,1,2
P079,T_MWF_1030_1120,1,4
P079,T_MWF_1130_1220,1,4
P079,T_MWF_1230_1320,1,4
P079,T_MWF_1330_1420,1,5
P079,T_MWF_1430_1520,1,5
P079,T_MWF_1530_1620,1,5
P079,T_TTH_0830_0950,1,3
P079,T_TTH_1000_1120,1,4
P079,T_TTH_1130_1250,1,5
P079,T_TTH_1300_1420,1,5
P079,T_TTH_1430_1550,1,5
P079,T_TTH_1600_1720,1,3
P079,T_MW_1000_1120,1,4
P079,T_MW_1430_1550,1,5
P079,T_F_1530_1720,1,2
P079,T_W_1500_1650,1,3
P080,T_MWF_0830_0920,1,2
P080,T_MWF_0930_1020,1,3
P080,T_MWF_1030_1120,1,4
P080,T_MWF_1130_1220,1,5
P080,T_MWF_1230_1320,1,4
P080,T_MWF_1330_1420,1,5
P080,T_MWF_1430_1520,1,5
P080,T_MWF_1530_1620,1,5
P080,T_TTH_0830_0950,1,1
P080,T_TTH_1000_1120,1,3
P080,T_TTH_1130_1250,1,5
P080,T_TTH_1300_1420,1,5
P080,T_TTH_1430_1550,1,5
P080,T_TTH_1600_1720,1,3
P080,T_MW_1000_1120,1,4
P080,T_MW_1430_1550,1,4
P080,T_F_1530_1720,1,2
P080,T_W_1500_1650,1,4
P081,T_MWF_0830_0920,1,3
P081,T_MWF_0930_1020,1,3
P081,T_MWF_1030_1120,1,5
P081,T_MWF_1130_1220,1,4
P081,T_MWF_1230_1320,1,5
P081,T_MWF_1330_1420,1,4
P081,T_MWF_1430_1520,1,4
P081,T_MWF_1530_1620,1,4
P081,T_TTH_0830_0950,1,4
P081,T_TTH_1000_1120,1,4
P081,T_TTH_1130_1250,1,5
P081,T_TTH_1300_1420,1,4
P081,T_TTH_1430_1550,1,4
P081,T_TTH_1600_1720,1,1
P081,T_MW_1000_1120,1,5
P081,T_MW_1430_1550,1,4
P081,T_F_1530_1720,1,3
P081,T_W_1500_1650,1,2
P082,T_MWF_0830_0920,1,5
P082,T_MWF_0930_1020,1,4
P082,T_MWF_1030_1120,1,5
P082,T_MWF_1130_1220,1,5
P082,T_MWF_1230_1320,1,4
P082,T_MWF_1330_1420,1,4
P082,T_MWF_1430_1520,1,4
P082,T_MWF_1530_1620,1,4
P082,T_TTH_0830_0950,1,4
P082,T_TTH_1000_1120,1,5
P082,T_TTH_1130_1250,1,5
P082,T_TTH_1300_1420,1,5
P082,T_TTH_1430_1550,1,5
P082,T_TTH_1600_1720,1,3
P082,T_MW_1000_1120,1,5
P082,T_MW_1430_1550,1,4
P082,T_F_1530_1720,1,3
P082,T_W_1500_1650,1,2
P083,T_MWF_0830_0920,1,4
P083,T_MWF_0930_1020,1,4
P083,T_MWF_1030_1120,1,5
P083,T_MWF_1130_1220,1,5
P083,T_MWF_1230_1320,1,5
P083,T_MWF_1330_1420,1,4
P083,T_MWF_1430_1520,1,4
P083,T_MWF_1530_1620,1,5
P083,T_TTH_0830_0950,1,5
P083,T_TTH_1000_1120,1,5
P083,T_TTH_1130_1250,1,5
P083,T_TTH_1300_1420,1,3
P083,T_TTH_1430_1550,1,4
P083,T_TTH_1600_1720,1,3
P083,T_MW_1000_1120,1,4
P083,T_MW_1430_1550,1,5
P083,T_F_1530_1720,1,4
P083,T_W_1500_1650,1,4
P084,T_MWF_0830_0920,1,3
P084,T_MWF_0930_1020,1,2
P084,T_MWF_1030_1120,1,5
P084,T_MWF_1130_1220,1,5
P084,T_MWF_1230_1320,1,5
P084,T_MWF_1330_1420,1,5
P084,T_MWF_1430_1520,1,3
P084,T_MWF_1530_1620,1,4
P084,T_TTH_0830_0950,1,3
P084,T_TTH_1000_1120,1,4
P084,T_TTH_1130_1250,1,5
P084,T_TTH_1300_1420,1,5
P084,T_TTH_1430_1550,1,4
P084,T_TTH_1600_1720,1,3
P084,T_MW_1000_1120,1,5
P084,T_MW_1430_1550,1,3
P084,T_F_1530_1720,1,1
P084,T_W_1500_1650,1,2
P085,T_MWF_0830_0920,1,5
P085,T_MWF_0930_1020,1,4
P085,T_MWF_1030_1120,1,5
P085,T_MWF_1130_1220,1,5
P085,T_MWF_1230_1320,1,5
P085,T_MWF_1330_1420,1,3
P085,T_MWF_1430_1520,1,4
P085,T_MWF_1530_1620,1,4
P085,T_TTH_0830_0950,1,4
P085,T_TTH_1000_1120,1,4
P085,T_TTH_1130_1250,1,4
P085,T_TTH_1300_1420,1,4
P085,T_TTH_1430_1550,1,3
P085,T_TTH_1600_1720,1,2
P085,T_MW_1000_1120,1,5
P085,T_MW_1430_1550,1,3
P085,T_F_1530_1720,1,2
P085,T_W_1500_1650,1,3
P086,T_MWF_0830_0920,1,5
P086,T_MWF_0930_1020,1,3
P086,T_MWF_1030_1120,1,5
P086,T_MWF_1130_1220,1,4
P086,T_MWF_1230_1320,1,5
P086,T_MWF_1330_1420,1,4
P086,T_MWF_1430_1520,1,5
P086,T_MWF_1530_1620,1,5
P086,T_TTH_0830_0950,1,4
P086,T_TTH_1000_1120,1,5
P086,T_TTH_1130_1250,1,5
P086,T_TTH_1300_1420,1,4
P086,T_TTH_1430_1550,1,5
P086,T_TTH_1600_1720,1,4
P086,T_MW_1000_1120,1,5
P086,T_MW_1430_1550,1,4
P086,T_F_1530_1720,1,3
P086,T_W_1500_1650,1,4
P087,T_MWF_0830_0920,1,4
P087,T_MWF_0930_1020,1,3
P087,T_MWF_1030_1120,1,5
P087,T_MWF_1130_1220,1,5
P087,T_MWF_1230_1320,1,4
P087,T_MWF_1330_1420,1,5
P087,T_MWF_1430_1520,1,5
P087,T_MWF_1530_1620,1,3
P087,T_TTH_0830_0950,1,4
P087,T_TTH_1000_1120,1,5
P087,T_TTH_1130_1250,1,5
P087,T_TTH_1300_1420,1,4
P087,T_TTH_1430_1550,1,3
P087,T_TTH_1600_1720,1,3
P087,T_MW_1000_1120,1,5
P087,T_MW_1430_1550,1,5
P087,T_F_1530_1720,1,3
P087,T_W_1500_1650,1,2
P088,T_MWF_0830_0920,1,4
P088,T_MWF_0930_1020,1,4
P088,T_MWF_1030_1120,1,5
P088,T_MWF_1130_1220,1,5
P088,T_MWF_1230_1320,1,5
P088,T_MWF_1330_1420,1,4
P088,T_MWF_1430_1520,1,5
P088,T_MWF_1530_1620,1,5
P088,T_TTH_0830_0950,1,4
P088,T_TTH_1000_1120,1,5
P088,T_TTH_1130_1250,1,4
P088,T_TTH_1300_1420,1,4
P088,T_TTH_1430_1550,1,3
P088,T_TTH_1600_1720,1,3
P088,T_MW_1000_1120,1,4
P088,T_MW_1430_1550,1,4
P088,T_F_1530_1720,1,3
P088,T_W_1500_1650,1,3
P089,T_MWF_0830_0920,1,2
P089,T_MWF_0930_1020,1,2
P089,T_MWF_1030_1120,1,5
P089,T_MWF_1130_1220,1,5
P089,T_MWF_1230_1320,1,5
P089,T_MWF_1330_1420,1,4
P089,T_MWF_1430_1520,1,4
P089,T_MWF_1530_1620,1,3
P089,T_TTH_0830_0950,1,4
P089,T_TTH_1000_1120,1,5
P089,T_TTH_1130_1250,1,5
P089,T_TTH_1300_1420,1,3
P089,T_TTH_1430_1550,1,4
P089,T_TTH_1600_1720,1,1
P089,T_MW_1000_1120,1,5
P089,T_MW_1430_1550,1,4
P089,T_F_1530_1720,1,2
P089,T_W_1500_1650,1,1
P090,T_MWF_0830_0920,1,2
P090,T_MWF_0930_1020,1,1
P090,T_MWF_1030_1120,1,5
P090,T_MWF_1130_1220,1,4
P090,T_MWF_1230_1320,1,4
P090,T_MWF_1330_1420,1,4
P090,T_MWF_1430_1520,1,5
P090,T_MWF_1530_1620,1,5
P090,T_TTH_0830_0950,1,3
P090,T_TTH_1000_1120,1,4
P090,T_TTH_1130_1250,1,5
P090,T_TTH_1300_1420,1,5
P090,T_TTH_1430_1550,1,4
P090,T_TTH_1600_1720,1,3
P090,T_MW_1000_1120,1,3
P090,T_MW_1430_1550,1,5
P090,T_F_1530_1720,1,3
P090,T_W_1500_1650,1,2
P091,T_MWF_0830_0920,1,3
P091,T_MWF_0930_1020,1,3
P091,T_MWF_1030_1120,1,4
P091,T_MWF_1130_1220,1,5
P091,T_MWF_1230_1320,1,5
P091,T_MWF_1330_1420,1,5
P091,T_MWF_1430_1520,1,3
P091,T_MWF_1530_1620,1,4
P091,T_TTH_0830_0950,1,3
P091,T_TTH_1000_1120,1,5
P091,T_TTH_1130_1250,1,5
P091,T_TTH_1300_1420,1,3
P091,T_TTH_1430_1550,1,3
P091,T_TTH_1600_1720,1,2
P091,T_MW_1000_1120,1,5
P091,T_MW_1430_1550,1,4
P091,T_F_1530_1720,1,3
P091,T_W_1500_1650,1,1
P092,T_MWF_0830_0920,1,5
P092,T_MWF_0930_1020,1,5
P092,T_MWF_1030_1120,1,3
P092,T_MWF_1130_1220,1,5
P092,T_MWF_1230_1320,1,3
P092,T_MWF_1330_1420,1,1
P092,T_MWF_1430_1520,1,1
P092,T_MWF_1530_1620,1,2
P092,T_TTH_0830_0950,1,4
P092,T_TTH_1000_1120,1,3
P092,T_TTH_1130_1250,1,4
P092,T_TTH_1300_1420,1,3
P092,T_TTH_1430_1550,1,2
P092,T_TTH_1600_1720,1,1
P092,T_MW_1000_1120,1,5
P092,T_MW_1430_1550,1,1
P092,T_F_1530_1720,1,1
P092,T_W_1500_1650,1,1
P093,T_MWF_0830_0920,1,4
P093,T_MWF_0930_1020,1,4
P093,T_MWF_1030_1120,1,4
P093,T_MWF_1130_1220,1,5
P093,T_MWF_1230_1320,1,4
P093,T_MWF_1330_1420,1,2
P093,T_MWF_1430_1520,1,2
P093,T_MWF_1530_1620,1,1
P093,T_TTH_0830_0950,1,4
P093,T_TTH_1000_1120,1,5
P093,T_TTH_1130_1250,1,4
P093,T_TTH_1300_1420,1,2
P093,T_TTH_1430_1550,1,3
P093,T_TTH_1600_1720,1,1
P093,T_MW_1000_1120,1,4
P093,T_MW_1430_1550,1,3
P093,T_F_1530_1720,1,2
P093,T_W_1500_1650,1,2
P094,T_MWF_0830_0920,1,1
P094,T_MWF_0930_1020,1,3
P094,T_MWF_1030_1120,1,4
P094,T_MWF_1130_1220,1,3
P094,T_MWF_1230_1320,1,4
P094,T_MWF_1330_1420,1,5
P094,T_MWF_1430_1520,1,5
P094,T_MWF_1530_1620,1,5
P094,T_TTH_0830_0950,1,2
P094,T_TTH_1000_1120,1,5
P094,T_TTH_1130_1250,1,5
P094,T_TTH_1300_1420,1,5
P094,T_TTH_1430_1550,1,5
P094,T_TTH_1600_1720,1,3
P094,T_MW_1000_1120,1,5
P094,T_MW_1430_1550,1,5
P094,T_F_1530_1720,1,4
P094,T_W_1500_1650,1,4
P095,T_MWF_0830_0920,1,4
P095,T_MWF_0930_1020,1,5
P095,T_MWF_1030_1120,1,3
P095,T_MWF_1130_1220,1,4
P095,T_MWF_1230_1320,1,3
P095,T_MWF_1330_1420,1,2
P095,T_MWF_1430_1520,1,2
P095,T_MWF_1530_1620,1,3
P095,T_TTH_0830_0950,1,5
P095,T_TTH_1000_1120,1,3
P095,T_TTH_1130_1250,1,4
P095,T_TTH_1300_1420,1,2
P095,T_TTH_1430_1550,1,2
P095,T_TTH_1600_1720,1,1
P095,T_MW_1000_1120,1,4
P095,T_MW_1430_1550,1,3
P095,T_F_1530_1720,1,1
P095,T_W_1500_1650,1,1
P096,T_MWF_0830_0920,1,2
P096,T_MWF_0930_1020,1,2
P096,T_MWF_1030_1120,1,4
P096,T_MWF_1130_1220,1,5
P096,T_MWF_1230_1320,1,4
P096,T_MWF_1330_1420,1,5
P096,T_MWF_1430_1520,1,5
P096,T_MWF_1530_1620,1,5
P096,T_TTH_0830_0950,1,2
P096,T_TTH_1000_1120,1,3
P096,T_TTH_1130_1250,1,4
P096,T_TTH_1300_1420,1,5
P096,T_TTH_1430_1550,1,4
P096,T_TTH_1600_1720,1,3
P096,T_MW_1000_1120,1,4
P096,T_MW_1430_1550,1,5
P096,T_F_1530_1720,1,3
P096,T_W_1500_1650,1,2
P097,T_MWF_0830_0920,1,4
P097,T_MWF_0930_1020,1,5
P097,T_MWF_1030_1120,1,5
P097,T_MWF_1130_1220,1,4
P097,T_MWF_1230_1320,1,5
P097,T_MWF_1330_1420,1,4
P097,T_MWF_1430_1520,1,4
P097,T_MWF_1530_1620,1,3
P097,T_TTH_0830_0950,1,4
P097,T_TTH_1000_1120,1,5
P097,T_TTH_1130_1250,1,4
P097,T_TTH_1300_1420,1,4
P097,T_TTH_1430_1550,1,3
P097,T_TTH_1600_1720,1,3
P097,T_MW_1000_1120,1,5
P097,T_MW_1430_1550,1,5
P097,T_F_1530_1720,1,4
P097,T_W_1500_1650,1,2
P098,T_MWF_0830_0920,1,4
P098,T_MWF_0930_1020,1,3
P098,T_MWF_1030_1120,1,5
P098,T_MWF_1130_1220,1,5
P098,T_MWF_1230_1320,1,5
P098,T_MWF_1330_1420,1,3
P098,T_MWF_1430_1520,1,3
P098,T_MWF_1530_1620,1,5
P098,T_TTH_0830_0950,1,4
P098,T_TTH_1000_1120,1,5
P098,T_TTH_1130_1250,1,4
P098,T_TTH_1300_1420,1,4
P098,T_TTH_1430_1550,1,4
P098,T_TTH_1600_1720,1,2
P098,T_MW_1000_1120,1,5
P098,T_MW_1430_1550,1,3
P098,T_F_1530_1720,1,2
P098,T_W_1500_1650,1,3
P099,T_MWF_0830_0920,1,3
P099,T_MWF_0930_1020,1,3
P099,T_MWF_1030_1120,1,5
P099,T_MWF_1130_1220,1,4
P099,T_MWF_1230_1320,1,4
P099,T_MWF_1330_1420,1,3
P099,T_MWF_1430_1520,1,5
P099,T_MWF_1530_1620,1,5
P099,T_TTH_0830_0950,1,2
P099,T_TTH_1000_1120,1,4
P099,T_TTH_1130_1250,1,4
P099,T_TTH_1300_1420,1,4
P099,T_TTH_1430_1550,1,3
P099,T_TTH_1600_1720,1,2
P099,T_MW_1000_1120,1,5
P099,T_MW_1430_1550,1,4
P099,T_F_1530_1720,1,3
P099,T_W_1500_1650,1,2
P100,T_MWF_0830_0920,1,2
P100,T_MWF_0930_1020,1,2
P100,T_MWF_1030_1120,1,5
P100,T_MWF_1130_1220,1,4
P100,T_MWF_1230_1320,1,3
P100,T_MWF_1330_1420,1,4
P100,T_MWF_1430_1520,1,5
P100,T_MWF_1530_1620,1,5
P100,T_TTH_0830_0950,1,2
P100,T_TTH_1000_1120,1,4
P100,T_TTH_1130_1250,1,4
P100,T_TTH_1300_1420,1,5
P100,T_TTH_1430_1550,1,5
P100,T_TTH_1600_1720,1,2
P100,T_MW_1000_1120,1,3
P100,T_MW_1430_1550,1,4
P100,T_F_1530_1720,1,3
P100,T_W_1500_1650,1,2
P101,T_MWF_0830_0920,1,4
P101,T_MWF_0930_1020,1,5
P101,T_MWF_1030_1120,1,3
P101,T_MWF_1130_1220,1,3
P101,T_MWF_1230_1320,1,3
P101,T_MWF_1330_1420,1,1
P101,T_MWF_1430_1520,1,1
P101,T_MWF_1530_1620,1,1
P101,T_TTH_0830_0950,1,5
P101,T_TTH_1000_1120,1,3
P101,T_TTH_1130_1250,1,5
P101,T_TTH_1300_1420,1,2
P101,T_TTH_1430_1550,1,2
P101,T_TTH_1600_1720,1,2
P101,T_MW_1000_1120,1,5
P101,T_MW_1430_1550,1,3
P101,T_F_1530_1720,1,2
P101,T_W_1500_1650,1,1
P102,T_MWF_0830_0920,1,5
P102,T_MWF_0930_1020,1,5
P102,T_MWF_1030_1120,1,5
P102,T_MWF_1130_1220,1,5
P102,T_MWF_1230_1320,1,3
P102,T_MWF_1330_1420,1,2
P102,T_MWF_1430_1520,1,2
P102,T_MWF_1530_1620,1,2
P102,T_TTH_0830_0950,1,5
P102,T_TTH_1000_1120,1,5
P102,T_TTH_1130_1250,1,3
P102,T_TTH_1300_1420,1,1
P102,T_TTH_1430_1550,1,1
P102,T_TTH_1600_1720,1,2
P102,T_MW_1000_1120,1,4
P102,T_MW_1430_1550,1,2
P102,T_F_1530_1720,1,2
P102,T_W_1500_1650,1,1
P103,T_MWF_0830_0920,1,5
P103,T_MWF_0930_1020,1,5
P103,T_MWF_1030_1120,1,4
P103,T_MWF_1130_1220,1,5
P103,T_MWF_1230_1320,1,3
P103,T_MWF_1330_1420,1,1
P103,T_MWF_1430_1520,1,1
P103,T_MWF_1530_1620,1,2
P103,T_TTH_0830_0950,1,4
P103,T_TTH_1000_1120,1,3
P103,T_TTH_1130_1250,1,5
P103,T_TTH_1300_1420,1,2
P103,T_TTH_1430_1550,1,2
P103,T_TTH_1600_1720,1,1
P103,T_MW_1000_1120,1,5
P103,T_MW_1430_1550,1,1
P103,T_F_1530_1720,1,1
P103,T_W_1500_1650,1,2
P104,T_MWF_0830_0920,1,5
P104,T_MWF_0930_1020,1,5
P104,T_MWF_1030_1120,1,5
P104,T_MWF_1130_1220,1,4
P104,T_MWF_1230_1320,1,4
P104,T_MWF_1330_1420,1,2
P104,T_MWF_1430_1520,1,2
P104,T_MWF_1530_1620,1,2
P104,T_TTH_0830_0950,1,5
P104,T_TTH_1000_1120,1,3
P104,T_TTH_1130_1250,1,4
P104,T_TTH_1300_1420,1,2
P104,T_TTH_1430_1550,1,1
P104,T_TTH_1600_1720,1,1
P104,T_MW_1000_1120,1,5
P104,T_MW_1430_1550,1,1
P104,T_F_1530_1720,1,2
P104,T_W_1500_1650,1,1
